instant,dteday,season,yr,mnth,hr,holiday,weekday,workingday,weathersit,temp,atemp,hum,windspeed,casual,registered,cnt
1547,2011-03-09,1,0,3,19,0,3,1,2,0.34,0.303,0.76,0.3284,11,123,134
1548,2011-03-09,1,0,3,20,0,3,1,2,0.32,0.3182,0.87,0.194,4,87,91
1549,2011-03-09,1,0,3,21,0,3,1,2,0.32,0.303,0.93,0.3284,10,52,62
1550,2011-03-09,1,0,3,22,0,3,1,3,0.32,0.3182,0.93,0.1642,4,17,21
1551,2011-03-09,1,0,3,23,0,3,1,3,0.34,0.3333,0.93,0.194,1,17,18
1552,2011-03-10,1,0,3,0,0,4,1,3,0.34,0.3182,0,0.2537,3,0,3
1553,2011-03-10,1,0,3,1,0,4,1,3,0.34,0.3182,0,0.2537,0,2,2
1554,2011-03-10,1,0,3,2,0,4,1,3,0.34,0.3182,0,0.2537,0,1,1
1555,2011-03-10,1,0,3,5,0,4,1,3,0.36,0.3485,0,0.194,1,2,3
1556,2011-03-10,1,0,3,6,0,4,1,3,0.36,0.3333,0,0.3284,0,12,12
1557,2011-03-10,1,0,3,7,0,4,1,3,0.38,0.3939,0,0.2239,1,36,37
1558,2011-03-10,1,0,3,8,0,4,1,3,0.38,0.3939,0,0.2836,1,43,44
1559,2011-03-10,1,0,3,9,0,4,1,3,0.4,0.4091,0,0.2239,1,23,24
1560,2011-03-10,1,0,3,10,0,4,1,3,0.4,0.4091,0,0.1642,0,17,17
1561,2011-03-10,1,0,3,11,0,4,1,3,0.4,0.4091,0,0.2537,6,5,11
1562,2011-03-10,1,0,3,12,0,4,1,3,0.42,0.4242,0,0.2239,4,30,34
1563,2011-03-10,1,0,3,13,0,4,1,3,0.42,0.4242,0,0.2239,1,11,12
1564,2011-03-10,1,0,3,14,0,4,1,3,0.44,0.4394,0,0.2985,0,12,12
1565,2011-03-10,1,0,3,15,0,4,1,3,0.44,0.4394,0,0.2239,3,11,14
1566,2011-03-10,1,0,3,16,0,4,1,3,0.42,0.4242,0,0.2537,1,20,21
1567,2011-03-10,1,0,3,17,0,4,1,2,0.44,0.4394,0,0.3881,2,109,111
1568,2011-03-10,1,0,3,18,0,4,1,3,0.44,0.4394,0,0.3582,2,80,82
1569,2011-03-10,1,0,3,19,0,4,1,3,0.44,0.4394,0,0.5821,5,51,56
1570,2011-03-10,1,0,3,20,0,4,1,3,0.36,0.3333,0,0.3284,9,29,38
1571,2011-03-10,1,0,3,21,0,4,1,3,0.36,0.3485,0,0.2239,1,27,28
1572,2011-03-10,1,0,3,22,0,4,1,2,0.34,0.3333,0,0.1343,4,30,34
1573,2011-03-10,1,0,3,23,0,4,1,3,0.34,0.3485,0,0.0896,1,26,27
1574,2011-03-11,1,0,3,0,0,5,1,2,0.34,0.3485,1,0.0896,0,6,6
1575,2011-03-11,1,0,3,1,0,5,1,3,0.34,0.3485,1,0.1045,0,8,8
1576,2011-03-11,1,0,3,2,0,5,1,3,0.34,0.3485,1,0.1045,2,3,5
1577,2011-03-11,1,0,3,3,0,5,1,2,0.32,0.3333,0.93,0.0896,0,2,2
1578,2011-03-11,1,0,3,5,0,5,1,1,0.3,0.2879,0.81,0.2239,1,6,7
1579,2011-03-11,1,0,3,6,0,5,1,1,0.26,0.2424,0.81,0.2836,1,31,32
1580,2011-03-11,1,0,3,7,0,5,1,1,0.26,0.2576,0.7,0.194,10,104,114
1581,2011-03-11,1,0,3,8,0,5,1,1,0.28,0.2727,0.7,0.2537,15,244,259
1582,2011-03-11,1,0,3,9,0,5,1,2,0.3,0.2879,0.61,0.2836,13,143,156
1583,2011-03-11,1,0,3,10,0,5,1,2,0.32,0.303,0.57,0.2985,18,60,78
1584,2011-03-11,1,0,3,11,0,5,1,2,0.32,0.303,0.57,0.2985,14,67,81
1585,2011-03-11,1,0,3,12,0,5,1,2,0.34,0.3182,0.53,0.2537,15,96,111
1586,2011-03-11,1,0,3,13,0,5,1,1,0.36,0.3333,0.53,0.2537,15,92,107
1587,2011-03-11,1,0,3,14,0,5,1,2,0.36,0.3333,0.5,0.3582,25,64,89
1588,2011-03-11,1,0,3,15,0,5,1,2,0.34,0.3182,0.53,0.2537,21,64,85
1589,2011-03-11,1,0,3,16,0,5,1,2,0.34,0.303,0.49,0.2985,18,95,113
1590,2011-03-11,1,0,3,17,0,5,1,1,0.34,0.3182,0.49,0.2239,23,200,223
1591,2011-03-11,1,0,3,18,0,5,1,1,0.32,0.303,0.49,0.3284,19,134,153
1592,2011-03-11,1,0,3,19,0,5,1,1,0.3,0.2727,0.56,0.3284,7,111,118
1593,2011-03-11,1,0,3,20,0,5,1,1,0.3,0.303,0.56,0.1642,6,70,76
1594,2011-03-11,1,0,3,21,0,5,1,2,0.3,0.2879,0.52,0.2537,10,43,53
1595,2011-03-11,1,0,3,22,0,5,1,1,0.3,0.303,0.52,0.1642,11,53,64
1596,2011-03-11,1,0,3,23,0,5,1,1,0.3,0.2879,0.52,0.2537,3,34,37
1597,2011-03-12,1,0,3,0,0,6,0,1,0.26,0.2727,0.6,0.1343,4,30,34
1598,2011-03-12,1,0,3,1,0,6,0,1,0.24,0.2273,0.65,0.194,3,15,18
1599,2011-03-12,1,0,3,2,0,6,0,1,0.24,0.2273,0.65,0.194,0,14,14
1600,2011-03-12,1,0,3,3,0,6,0,1,0.24,0.2273,0.65,0.2537,1,6,7
1601,2011-03-12,1,0,3,4,0,6,0,1,0.24,0.2273,0.65,0.2537,0,1,1
1602,2011-03-12,1,0,3,5,0,6,0,1,0.22,0.2273,0.69,0.194,0,2,2
1603,2011-03-12,1,0,3,6,0,6,0,1,0.22,0.2121,0.75,0.2537,2,2,4
1604,2011-03-12,1,0,3,7,0,6,0,1,0.24,0.2273,0.7,0.194,4,19,23
1605,2011-03-12,1,0,3,8,0,6,0,1,0.26,0.2576,0.65,0.1642,9,44,53
1606,2011-03-12,1,0,3,9,0,6,0,1,0.28,0.2879,0.65,0.1045,25,76,101
1607,2011-03-12,1,0,3,10,0,6,0,1,0.32,0.303,0.66,0.2239,21,78,99
1608,2011-03-12,1,0,3,11,0,6,0,1,0.34,0.303,0.49,0.3284,36,83,119
1609,2011-03-12,1,0,3,12,0,6,0,1,0.34,0.3182,0.53,0.2836,51,107,158
1610,2011-03-12,1,0,3,13,0,6,0,1,0.36,0.3333,0.51,0.3582,62,95,157
1611,2011-03-12,1,0,3,14,0,6,0,1,0.4,0.4091,0.5,0.4478,70,96,166
1612,2011-03-12,1,0,3,15,0,6,0,1,0.42,0.4242,0.44,0.4925,81,101,182
1613,2011-03-12,1,0,3,16,0,6,0,1,0.46,0.4545,0.41,0.4478,100,144,244
1614,2011-03-12,1,0,3,17,0,6,0,1,0.46,0.4545,0.44,0.3284,99,114,213
1615,2011-03-12,1,0,3,18,0,6,0,1,0.42,0.4242,0.54,0.1642,54,91,145
1616,2011-03-12,1,0,3,19,0,6,0,1,0.42,0.4242,0.54,0.0896,26,86,112
1617,2011-03-12,1,0,3,20,0,6,0,1,0.4,0.4091,0.58,0.1045,22,64,86
1618,2011-03-12,1,0,3,21,0,6,0,1,0.38,0.3939,0.62,0,36,46,82
1619,2011-03-12,1,0,3,22,0,6,0,1,0.36,0.3788,0.71,0,7,56,63
1620,2011-03-12,1,0,3,23,0,6,0,1,0.38,0.3939,0.66,0.0896,11,38,49
1621,2011-03-13,1,0,3,0,0,0,0,1,0.38,0.3939,0.62,0.1045,3,35,38
1622,2011-03-13,1,0,3,1,0,0,0,1,0.36,0.3485,0.66,0.1343,10,23,33
1623,2011-03-13,1,0,3,3,0,0,0,1,0.34,0.3333,0.76,0.1343,6,17,23
1624,2011-03-13,1,0,3,4,0,0,0,1,0.34,0.3333,0.66,0.1642,4,9,13
1625,2011-03-13,1,0,3,5,0,0,0,1,0.36,0.3485,0.62,0.1343,0,3,3
1626,2011-03-13,1,0,3,6,0,0,0,1,0.34,0.3636,0.66,0,0,2,2
1627,2011-03-13,1,0,3,7,0,0,0,1,0.36,0.3485,0.62,0.194,2,8,10
1628,2011-03-13,1,0,3,8,0,0,0,1,0.4,0.4091,0.5,0.2985,11,23,34
1629,2011-03-13,1,0,3,9,0,0,0,1,0.4,0.4091,0.5,0.4179,8,36,44
1630,2011-03-13,1,0,3,10,0,0,0,1,0.42,0.4242,0.47,0.2537,36,86,122
1631,2011-03-13,1,0,3,11,0,0,0,1,0.44,0.4394,0.41,0.4179,88,93,181
1632,2011-03-13,1,0,3,12,0,0,0,1,0.46,0.4545,0.38,0.3881,74,120,194
1633,2011-03-13,1,0,3,13,0,0,0,1,0.46,0.4545,0.38,0.3881,97,124,221
1634,2011-03-13,1,0,3,14,0,0,0,1,0.46,0.4545,0.41,0.2985,144,106,250
1635,2011-03-13,1,0,3,15,0,0,0,1,0.48,0.4697,0.39,0.3284,149,155,304
1636,2011-03-13,1,0,3,16,0,0,0,1,0.46,0.4545,0.41,0.3881,124,132,256
1637,2011-03-13,1,0,3,17,0,0,0,1,0.44,0.4394,0.41,0.3582,98,143,241
1638,2011-03-13,1,0,3,18,0,0,0,1,0.4,0.4091,0.43,0.3582,55,92,147
1639,2011-03-13,1,0,3,19,0,0,0,1,0.36,0.3333,0.5,0.3582,28,73,101
1640,2011-03-13,1,0,3,20,0,0,0,1,0.32,0.303,0.57,0.2985,23,54,77
1641,2011-03-13,1,0,3,21,0,0,0,1,0.3,0.2879,0.56,0.2537,9,49,58
1642,2011-03-13,1,0,3,22,0,0,0,1,0.3,0.2727,0.56,0.3284,8,29,37
1643,2011-03-13,1,0,3,23,0,0,0,1,0.26,0.2576,0.65,0.2239,5,23,28
1644,2011-03-14,1,0,3,0,0,1,1,1,0.26,0.2727,0.65,0.1045,4,7,11
1645,2011-03-14,1,0,3,1,0,1,1,1,0.26,0.2879,0.65,0.0896,0,1,1
1646,2011-03-14,1,0,3,2,0,1,1,1,0.26,0.2879,0.65,0.0896,0,1,1
1647,2011-03-14,1,0,3,3,0,1,1,1,0.26,0.2727,0.65,0.1343,0,3,3
1648,2011-03-14,1,0,3,5,0,1,1,1,0.24,0.2424,0.7,0.1343,0,8,8
1649,2011-03-14,1,0,3,6,0,1,1,1,0.26,0.2727,0.65,0.1343,1,27,28
1650,2011-03-14,1,0,3,7,0,1,1,2,0.28,0.3182,0.61,0,4,84,88
1651,2011-03-14,1,0,3,8,0,1,1,2,0.3,0.303,0.56,0.1343,24,217,241
1652,2011-03-14,1,0,3,9,0,1,1,1,0.32,0.303,0.53,0.3284,13,127,140
1653,2011-03-14,1,0,3,10,0,1,1,1,0.34,0.3182,0.42,0.2537,27,57,84
1654,2011-03-14,1,0,3,11,0,1,1,1,0.36,0.3333,0.4,0.2537,26,45,71
1655,2011-03-14,1,0,3,12,0,1,1,1,0.38,0.3939,0.37,0,40,54,94
1656,2011-03-14,1,0,3,13,0,1,1,1,0.38,0.3939,0.36,0.3284,24,51,75
1657,2011-03-14,1,0,3,14,0,1,1,2,0.38,0.3939,0.34,0,27,52,79
1658,2011-03-14,1,0,3,15,0,1,1,1,0.38,0.3939,0.37,0.1642,24,77,101
1659,2011-03-14,1,0,3,16,0,1,1,1,0.4,0.4091,0.35,0.1045,27,80,107
1660,2011-03-14,1,0,3,17,0,1,1,1,0.38,0.3939,0.4,0.194,42,229,271
1661,2011-03-14,1,0,3,18,0,1,1,1,0.36,0.3636,0.4,0.1045,25,210,235
1662,2011-03-14,1,0,3,19,0,1,1,1,0.36,0.3485,0.43,0.1343,17,133,150
1663,2011-03-14,1,0,3,20,0,1,1,1,0.34,0.3182,0.46,0.2239,23,106,129
1664,2011-03-14,1,0,3,21,0,1,1,1,0.34,0.3333,0.46,0.1343,5,58,63
1665,2011-03-14,1,0,3,22,0,1,1,1,0.32,0.3333,0.49,0.1045,4,43,47
1666,2011-03-14,1,0,3,23,0,1,1,1,0.32,0.3485,0.53,0,2,17,19
1667,2011-03-15,1,0,3,0,0,2,1,1,0.32,0.3485,0.53,0,7,7,14
1668,2011-03-15,1,0,3,1,0,2,1,1,0.3,0.303,0.62,0.0896,4,6,10
1669,2011-03-15,1,0,3,2,0,2,1,1,0.3,0.303,0.62,0.0896,1,2,3
1670,2011-03-15,1,0,3,4,0,2,1,1,0.24,0.2576,0.75,0.0896,1,1,2
1671,2011-03-15,1,0,3,5,0,2,1,1,0.24,0.2273,0.75,0.194,0,11,11
1672,2011-03-15,1,0,3,6,0,2,1,1,0.22,0.2273,0.8,0.194,3,32,35
1673,2011-03-15,1,0,3,7,0,2,1,1,0.24,0.2424,0.75,0.1642,10,109,119
1674,2011-03-15,1,0,3,8,0,2,1,1,0.26,0.2879,0.7,0.0896,23,259,282
1675,2011-03-15,1,0,3,9,0,2,1,2,0.3,0.3333,0.7,0,10,147,157
1676,2011-03-15,1,0,3,10,0,2,1,2,0.32,0.3182,0.66,0.194,22,56,78
1677,2011-03-15,1,0,3,11,0,2,1,2,0.34,0.3182,0.57,0.2239,27,51,78
1678,2011-03-15,1,0,3,12,0,2,1,2,0.36,0.3485,0.5,0.2239,32,70,102
1679,2011-03-15,1,0,3,13,0,2,1,2,0.36,0.3333,0.57,0.2836,23,74,97
1680,2011-03-15,1,0,3,14,0,2,1,2,0.38,0.3939,0.46,0.2985,14,74,88
1681,2011-03-15,1,0,3,15,0,2,1,2,0.38,0.3939,0.43,0.2836,24,66,90
1682,2011-03-15,1,0,3,16,0,2,1,2,0.38,0.3939,0.46,0.3284,21,93,114
1683,2011-03-15,1,0,3,17,0,2,1,2,0.36,0.3485,0.62,0.194,22,195,217
1684,2011-03-15,1,0,3,18,0,2,1,2,0.36,0.3333,0.62,0.2985,18,207,225
1685,2011-03-15,1,0,3,19,0,2,1,2,0.34,0.3182,0.71,0.2836,14,138,152
1686,2011-03-15,1,0,3,20,0,2,1,2,0.34,0.3182,0.71,0.2836,9,79,88
1687,2011-03-15,1,0,3,21,0,2,1,3,0.32,0.3333,0.81,0.1045,2,53,55
1688,2011-03-15,1,0,3,22,0,2,1,2,0.32,0.3182,0.87,0.1642,1,20,21
1689,2011-03-15,1,0,3,23,0,2,1,2,0.32,0.3182,0.87,0.1642,1,17,18
1690,2011-03-16,1,0,3,0,0,3,1,3,0.3,0.2879,0.93,0.2537,0,8,8
1691,2011-03-16,1,0,3,1,0,3,1,3,0.3,0.2727,1,0.2985,1,2,3
1692,2011-03-16,1,0,3,3,0,3,1,2,0.28,0.2727,1,0.2239,1,2,3
1693,2011-03-16,1,0,3,4,0,3,1,2,0.3,0.303,0.93,0.1642,0,1,1
1694,2011-03-16,1,0,3,5,0,3,1,2,0.3,0.3182,0.93,0.1045,0,3,3
1695,2011-03-16,1,0,3,6,0,3,1,2,0.3,0.3182,0.93,0.1045,1,30,31
1696,2011-03-16,1,0,3,7,0,3,1,2,0.3,0.2879,0.93,0.194,10,101,111
1697,2011-03-16,1,0,3,8,0,3,1,2,0.32,0.3182,0.93,0,26,227,253
1698,2011-03-16,1,0,3,9,0,3,1,2,0.32,0.3333,0.93,0.1343,10,144,154
1699,2011-03-16,1,0,3,10,0,3,1,2,0.36,0.3485,0.81,0.1642,19,49,68
1700,2011-03-16,1,0,3,11,0,3,1,2,0.36,0.3485,0.81,0.1343,13,62,75
1701,2011-03-16,1,0,3,12,0,3,1,2,0.4,0.4091,0.71,0.1045,23,65,88
1702,2011-03-16,1,0,3,13,0,3,1,2,0.4,0.4091,0.76,0.1343,18,81,99
1703,2011-03-16,1,0,3,14,0,3,1,2,0.4,0.4091,0.76,0.2239,33,67,100
1704,2011-03-16,1,0,3,15,0,3,1,2,0.4,0.4091,0.76,0.2537,22,79,101
1705,2011-03-16,1,0,3,16,0,3,1,2,0.4,0.4091,0.76,0.1642,30,121,151
1706,2011-03-16,1,0,3,17,0,3,1,2,0.44,0.4394,0.54,0.2985,37,216,253
1707,2011-03-16,1,0,3,18,0,3,1,2,0.44,0.4394,0.54,0.2239,26,211,237
1708,2011-03-16,1,0,3,19,0,3,1,2,0.44,0.4394,0.51,0.3284,18,150,168
1709,2011-03-16,1,0,3,20,0,3,1,2,0.42,0.4242,0.54,0.2985,10,111,121
1710,2011-03-16,1,0,3,21,0,3,1,2,0.42,0.4242,0.58,0.2836,3,75,78
1711,2011-03-16,1,0,3,22,0,3,1,2,0.4,0.4091,0.62,0.3881,11,48,59
1712,2011-03-16,1,0,3,23,0,3,1,1,0.4,0.4091,0.65,0.194,9,18,27
1713,2011-03-17,1,0,3,0,0,4,1,1,0.38,0.3939,0.66,0.2537,4,19,23
1714,2011-03-17,1,0,3,1,0,4,1,1,0.36,0.3485,0.71,0.2239,1,11,12
1715,2011-03-17,1,0,3,2,0,4,1,1,0.34,0.303,0.71,0.2985,3,5,8
1716,2011-03-17,1,0,3,3,0,4,1,1,0.34,0.3333,0.66,0.1642,1,1,2
1717,2011-03-17,1,0,3,4,0,4,1,1,0.34,0.3333,0.71,0.194,0,3,3
1718,2011-03-17,1,0,3,5,0,4,1,1,0.32,0.3333,0.76,0.1045,0,13,13
1719,2011-03-17,1,0,3,6,0,4,1,1,0.32,0.3182,0.76,0.194,4,47,51
1720,2011-03-17,1,0,3,7,0,4,1,1,0.32,0.3333,0.76,0.1343,12,128,140
1721,2011-03-17,1,0,3,8,0,4,1,1,0.36,0.3485,0.66,0.1343,17,282,299
1722,2011-03-17,1,0,3,9,0,4,1,1,0.4,0.4091,0.62,0.2537,23,162,185
1723,2011-03-17,1,0,3,10,0,4,1,1,0.44,0.4394,0.54,0.3284,9,69,78
1724,2011-03-17,1,0,3,11,0,4,1,1,0.44,0.4394,0.54,0.2836,20,66,86
1725,2011-03-17,1,0,3,12,0,4,1,1,0.5,0.4848,0.45,0.2239,24,81,105
1726,2011-03-17,1,0,3,13,0,4,1,2,0.52,0.5,0.42,0.0896,26,85,111
1727,2011-03-17,1,0,3,14,0,4,1,1,0.5,0.4848,0.45,0.1045,32,87,119
1728,2011-03-17,1,0,3,15,0,4,1,1,0.52,0.5,0.42,0.2537,30,95,125
1729,2011-03-17,1,0,3,16,0,4,1,1,0.5,0.4848,0.48,0.2836,34,108,142
1730,2011-03-17,1,0,3,17,0,4,1,1,0.5,0.4848,0.42,0.194,48,265,313
1731,2011-03-17,1,0,3,18,0,4,1,2,0.46,0.4545,0.59,0.1642,50,260,310
1732,2011-03-17,1,0,3,19,0,4,1,1,0.44,0.4394,0.58,0.194,18,189,207
1733,2011-03-17,1,0,3,20,0,4,1,1,0.42,0.4242,0.67,0.2239,25,112,137
1734,2011-03-17,1,0,3,21,0,4,1,1,0.42,0.4242,0.62,0.2239,19,119,138
1735,2011-03-17,1,0,3,22,0,4,1,1,0.4,0.4091,0.66,0.2239,17,70,87
1736,2011-03-17,1,0,3,23,0,4,1,1,0.42,0.4242,0.62,0.2836,7,43,50
1737,2011-03-18,1,0,3,0,0,5,1,1,0.42,0.4242,0.58,0.2836,5,24,29
1738,2011-03-18,1,0,3,1,0,5,1,1,0.4,0.4091,0.62,0.2537,4,12,16
1739,2011-03-18,1,0,3,2,0,5,1,1,0.4,0.4091,0.62,0.194,5,9,14
1740,2011-03-18,1,0,3,3,0,5,1,1,0.36,0.3485,0.71,0.194,1,4,5
1741,2011-03-18,1,0,3,5,0,5,1,1,0.38,0.3939,0.66,0.1642,2,8,10
1742,2011-03-18,1,0,3,6,0,5,1,1,0.4,0.4091,0.66,0.194,1,35,36
1743,2011-03-18,1,0,3,7,0,5,1,1,0.4,0.4091,0.66,0.194,11,112,123
1744,2011-03-18,1,0,3,8,0,5,1,1,0.42,0.4242,0.67,0.2537,24,256,280
1745,2011-03-18,1,0,3,9,0,5,1,1,0.46,0.4545,0.63,0.2239,18,192,210
1746,2011-03-18,1,0,3,10,0,5,1,1,0.52,0.5,0.53,0.2836,43,74,117
1747,2011-03-18,1,0,3,11,0,5,1,1,0.54,0.5152,0.52,0.2836,55,104,159
1748,2011-03-18,1,0,3,12,0,5,1,2,0.56,0.5303,0.49,0.3582,72,123,195
1749,2011-03-18,1,0,3,13,0,5,1,1,0.64,0.6212,0.41,0.2836,57,118,175
1750,2011-03-18,1,0,3,14,0,5,1,1,0.66,0.6212,0.39,0.2537,71,103,174
1751,2011-03-18,1,0,3,15,0,5,1,2,0.68,0.6364,0.39,0.3582,62,111,173
1752,2011-03-18,1,0,3,16,0,5,1,1,0.68,0.6364,0.39,0.2836,67,137,204
1753,2011-03-18,1,0,3,17,0,5,1,1,0.7,0.6364,0.37,0.3284,95,237,332
1754,2011-03-18,1,0,3,18,0,5,1,1,0.68,0.6364,0.39,0.1642,84,247,331
1755,2011-03-18,1,0,3,19,0,5,1,1,0.66,0.6212,0.44,0.1343,58,132,190
1756,2011-03-18,1,0,3,20,0,5,1,1,0.62,0.6212,0.46,0.1343,46,103,149
1757,2011-03-18,1,0,3,21,0,5,1,1,0.62,0.6212,0.46,0.1045,22,91,113
1758,2011-03-18,1,0,3,22,0,5,1,1,0.62,0.6212,0.5,0.1642,55,63,118
1759,2011-03-18,1,0,3,23,0,5,1,2,0.6,0.6212,0.53,0.2239,26,60,86
1760,2011-03-19,1,0,3,0,0,6,0,2,0.6,0.6212,0.53,0.2537,26,50,76
1761,2011-03-19,1,0,3,1,0,6,0,2,0.58,0.5455,0.46,0.3582,16,35,51
1762,2011-03-19,1,0,3,2,0,6,0,2,0.56,0.5303,0.43,0.2239,5,20,25
1763,2011-03-19,1,0,3,3,0,6,0,2,0.54,0.5152,0.39,0.3284,1,7,8
1764,2011-03-19,1,0,3,4,0,6,0,1,0.52,0.5,0.34,0.4179,1,2,3
1765,2011-03-19,1,0,3,5,0,6,0,1,0.52,0.5,0.34,0.4179,0,2,2
1766,2011-03-19,1,0,3,6,0,6,0,1,0.44,0.4394,0.44,0.4179,0,10,10
1767,2011-03-19,1,0,3,7,0,6,0,1,0.4,0.4091,0.5,0.3284,4,9,13
1768,2011-03-19,1,0,3,8,0,6,0,1,0.42,0.4242,0.47,0.4925,11,37,48
1769,2011-03-19,1,0,3,9,0,6,0,1,0.42,0.4242,0.44,0.4627,35,41,76
1770,2011-03-19,1,0,3,10,0,6,0,1,0.44,0.4394,0.38,0.4179,55,85,140
1771,2011-03-19,1,0,3,11,0,6,0,1,0.46,0.4545,0.36,0.4478,90,106,196
1772,2011-03-19,1,0,3,12,0,6,0,1,0.46,0.4545,0.33,0.4179,126,141,267
1773,2011-03-19,1,0,3,13,0,6,0,1,0.5,0.4848,0.34,0.4627,174,127,301
1774,2011-03-19,1,0,3,14,0,6,0,1,0.5,0.4848,0.31,0.4925,168,144,312
1775,2011-03-19,1,0,3,15,0,6,0,1,0.5,0.4848,0.29,0.4179,170,143,313
1776,2011-03-19,1,0,3,16,0,6,0,1,0.5,0.4848,0.31,0.3881,175,129,304
1777,2011-03-19,1,0,3,17,0,6,0,1,0.48,0.4697,0.31,0.3284,138,140,278
1778,2011-03-19,1,0,3,18,0,6,0,1,0.46,0.4545,0.31,0.3284,92,125,217
1779,2011-03-19,1,0,3,19,0,6,0,1,0.44,0.4394,0.33,0.2836,38,116,154
1780,2011-03-19,1,0,3,20,0,6,0,1,0.42,0.4242,0.35,0.2239,39,69,108
1781,2011-03-19,1,0,3,21,0,6,0,1,0.4,0.4091,0.37,0.2985,20,73,93
1782,2011-03-19,1,0,3,22,0,6,0,1,0.4,0.4091,0.37,0.3284,27,45,72
1783,2011-03-19,1,0,3,23,0,6,0,1,0.38,0.3939,0.4,0.2985,13,37,50
1784,2011-03-20,1,0,3,0,0,0,0,1,0.34,0.303,0.49,0.4179,7,33,40
1785,2011-03-20,1,0,3,1,0,0,0,1,0.32,0.2879,0.53,0.3582,2,22,24
1786,2011-03-20,1,0,3,2,0,0,0,1,0.3,0.2879,0.52,0.2836,6,24,30
1787,2011-03-20,1,0,3,3,0,0,0,1,0.28,0.2727,0.56,0.2537,1,11,12
1788,2011-03-20,1,0,3,4,0,0,0,1,0.26,0.2576,0.56,0.2239,2,1,3
1789,2011-03-20,1,0,3,5,0,0,0,1,0.26,0.2576,0.6,0.194,3,6,9
1790,2011-03-20,1,0,3,6,0,0,0,1,0.26,0.2576,0.6,0.2239,1,3,4
1791,2011-03-20,1,0,3,7,0,0,0,1,0.24,0.2273,0.6,0.2239,5,9,14
1792,2011-03-20,1,0,3,8,0,0,0,1,0.28,0.2727,0.56,0.1642,7,30,37
1793,2011-03-20,1,0,3,9,0,0,0,1,0.3,0.303,0.52,0.1343,35,43,78
1794,2011-03-20,1,0,3,10,0,0,0,2,0.32,0.3485,0.45,0,55,81,136
1795,2011-03-20,1,0,3,11,0,0,0,1,0.34,0.3485,0.39,0.1045,92,111,203
1796,2011-03-20,1,0,3,12,0,0,0,1,0.36,0.3636,0.4,0.1045,120,108,228
1797,2011-03-20,1,0,3,13,0,0,0,1,0.38,0.3939,0.34,0,88,115,203
1798,2011-03-20,1,0,3,14,0,0,0,1,0.4,0.4091,0.3,0,145,134,279
1799,2011-03-20,1,0,3,15,0,0,0,1,0.4,0.4091,0.32,0.0896,172,136,308
1800,2011-03-20,1,0,3,16,0,0,0,1,0.42,0.4242,0.32,0,92,132,224
1801,2011-03-20,1,0,3,17,0,0,0,1,0.4,0.4091,0.35,0.2836,83,143,226
1802,2011-03-20,1,0,3,18,0,0,0,1,0.38,0.3939,0.4,0.3582,58,98,156
1803,2011-03-20,1,0,3,19,0,0,0,1,0.36,0.3333,0.43,0.2836,21,58,79
1804,2011-03-20,1,0,3,20,0,0,0,1,0.36,0.3333,0.46,0.2836,21,46,67
1805,2011-03-20,1,0,3,21,0,0,0,2,0.34,0.3182,0.53,0.2836,10,39,49
1806,2011-03-20,1,0,3,22,0,0,0,2,0.34,0.303,0.53,0.3284,8,30,38
1807,2011-03-20,1,0,3,23,0,0,0,3,0.34,0.303,0.61,0.3881,13,11,24
1808,2011-03-21,2,0,3,0,0,1,1,3,0.34,0.303,0.66,0.3881,2,11,13
1809,2011-03-21,2,0,3,1,0,1,1,2,0.34,0.303,0.71,0.3881,1,6,7
1810,2011-03-21,2,0,3,2,0,1,1,2,0.34,0.303,0.71,0.3284,1,5,6
1811,2011-03-21,2,0,3,3,0,1,1,2,0.34,0.303,0.71,0.3284,0,1,1
1812,2011-03-21,2,0,3,5,0,1,1,1,0.32,0.303,0.81,0.2985,1,1,2
1813,2011-03-21,2,0,3,6,0,1,1,3,0.32,0.303,0.76,0.2537,2,30,32
1814,2011-03-21,2,0,3,7,0,1,1,3,0.3,0.2727,0.87,0.4179,3,15,18
1815,2011-03-21,2,0,3,8,0,1,1,2,0.3,0.2727,0.87,0.4179,3,95,98
1816,2011-03-21,2,0,3,9,0,1,1,2,0.34,0.303,0.81,0.3284,12,115,127
1817,2011-03-21,2,0,3,10,0,1,1,2,0.38,0.3939,0.76,0.3881,17,45,62
1818,2011-03-21,2,0,3,11,0,1,1,2,0.42,0.4242,0.71,0.2985,32,47,79
1819,2011-03-21,2,0,3,12,0,1,1,2,0.44,0.4394,0.77,0.2537,25,56,81
1820,2011-03-21,2,0,3,13,0,1,1,2,0.5,0.4848,0.63,0.2239,35,77,112
1821,2011-03-21,2,0,3,14,0,1,1,2,0.54,0.5152,0.64,0.2239,36,65,101
1822,2011-03-21,2,0,3,15,0,1,1,2,0.56,0.5303,0.6,0.2239,41,66,107
1823,2011-03-21,2,0,3,16,0,1,1,2,0.54,0.5152,0.64,0.2836,29,112,141
1824,2011-03-21,2,0,3,17,0,1,1,2,0.54,0.5152,0.64,0.2537,41,231,272
1825,2011-03-21,2,0,3,18,0,1,1,2,0.52,0.5,0.72,0.2239,44,232,276
1826,2011-03-21,2,0,3,19,0,1,1,1,0.58,0.5455,0.6,0.4179,22,199,221
1827,2011-03-21,2,0,3,20,0,1,1,1,0.56,0.5303,0.64,0.194,16,106,122
1828,2011-03-21,2,0,3,21,0,1,1,1,0.46,0.4545,0.94,0.194,12,79,91
1829,2011-03-21,2,0,3,22,0,1,1,1,0.46,0.4545,0.88,0.2239,18,60,78
1830,2011-03-21,2,0,3,23,0,1,1,1,0.46,0.4545,0.88,0.0896,8,22,30
1831,2011-03-22,2,0,3,0,0,2,1,1,0.46,0.4545,0.88,0.194,4,7,11
1832,2011-03-22,2,0,3,1,0,2,1,1,0.42,0.4242,1,0.1343,6,13,19
1833,2011-03-22,2,0,3,2,0,2,1,1,0.44,0.4394,0.94,0.0896,0,1,1
1834,2011-03-22,2,0,3,3,0,2,1,1,0.44,0.4394,0.82,0.2239,3,2,5
1835,2011-03-22,2,0,3,4,0,2,1,2,0.42,0.4242,0.82,0.1642,0,1,1
1836,2011-03-22,2,0,3,5,0,2,1,2,0.4,0.4091,0.87,0.1343,1,11,12
1837,2011-03-22,2,0,3,6,0,2,1,1,0.4,0.4091,0.87,0.2537,2,58,60
1838,2011-03-22,2,0,3,7,0,2,1,2,0.4,0.4091,0.76,0.1045,4,132,136
1839,2011-03-22,2,0,3,8,0,2,1,2,0.4,0.4091,0.58,0.2985,24,312,336
1840,2011-03-22,2,0,3,9,0,2,1,2,0.4,0.4091,0.58,0.4627,19,159,178
1841,2011-03-22,2,0,3,10,0,2,1,2,0.44,0.4394,0.54,0.2985,29,95,124
1842,2011-03-22,2,0,3,11,0,2,1,1,0.44,0.4394,0.51,0.3284,22,64,86
1843,2011-03-22,2,0,3,12,0,2,1,1,0.46,0.4545,0.47,0.2537,35,86,121
1844,2011-03-22,2,0,3,13,0,2,1,1,0.5,0.4848,0.45,0.2239,21,85,106
1845,2011-03-22,2,0,3,14,0,2,1,1,0.5,0.4848,0.42,0.3284,30,71,101
1846,2011-03-22,2,0,3,15,0,2,1,1,0.5,0.4848,0.42,0.2239,55,79,134
1847,2011-03-22,2,0,3,16,0,2,1,1,0.5,0.4848,0.42,0.1045,40,125,165
1848,2011-03-22,2,0,3,17,0,2,1,1,0.5,0.4848,0.42,0.1045,42,265,307
1849,2011-03-22,2,0,3,18,0,2,1,1,0.48,0.4697,0.44,0.0896,41,271,312
1850,2011-03-22,2,0,3,19,0,2,1,2,0.44,0.4394,0.54,0.2537,22,142,164
1851,2011-03-22,2,0,3,20,0,2,1,2,0.44,0.4394,0.54,0.3582,19,116,135
1852,2011-03-22,2,0,3,21,0,2,1,2,0.42,0.4242,0.54,0.2836,24,63,87
1853,2011-03-22,2,0,3,22,0,2,1,2,0.4,0.4091,0.58,0.2537,13,57,70
1854,2011-03-22,2,0,3,23,0,2,1,2,0.4,0.4091,0.58,0.2537,4,28,32
1855,2011-03-23,2,0,3,0,0,3,1,3,0.36,0.3485,0.71,0.2239,3,8,11
1856,2011-03-23,2,0,3,1,0,3,1,3,0.34,0.3182,0.76,0.2239,0,7,7
1857,2011-03-23,2,0,3,2,0,3,1,3,0.34,0.3182,0.76,0.2239,1,1,2
1858,2011-03-23,2,0,3,3,0,3,1,2,0.34,0.3182,0.76,0.2537,0,3,3
1859,2011-03-23,2,0,3,5,0,3,1,3,0.32,0.3182,0.87,0.194,0,10,10
1860,2011-03-23,2,0,3,6,0,3,1,2,0.34,0.3182,0.87,0.2537,1,43,44
1861,2011-03-23,2,0,3,7,0,3,1,2,0.32,0.303,0.93,0.2239,7,111,118
1862,2011-03-23,2,0,3,8,0,3,1,2,0.32,0.3182,0.87,0.194,14,247,261
1863,2011-03-23,2,0,3,9,0,3,1,2,0.32,0.303,0.81,0.2537,8,174,182
1864,2011-03-23,2,0,3,10,0,3,1,2,0.34,0.3182,0.81,0.2836,15,60,75
1865,2011-03-23,2,0,3,11,0,3,1,2,0.34,0.3333,0.87,0.194,18,53,71
1866,2011-03-23,2,0,3,12,0,3,1,2,0.34,0.3182,0.87,0.2239,14,73,87
1867,2011-03-23,2,0,3,13,0,3,1,3,0.34,0.3333,0.87,0.1343,14,94,108
1868,2011-03-23,2,0,3,14,0,3,1,2,0.36,0.3636,0.87,0.1045,13,71,84
1869,2011-03-23,2,0,3,15,0,3,1,2,0.38,0.3939,0.82,0.2239,11,74,85
1870,2011-03-23,2,0,3,16,0,3,1,2,0.4,0.4091,0.76,0.2239,13,123,136
1871,2011-03-23,2,0,3,17,0,3,1,2,0.4,0.4091,0.76,0.2239,28,245,273
1872,2011-03-23,2,0,3,18,0,3,1,3,0.38,0.3939,0.82,0.2537,20,218,238
1873,2011-03-23,2,0,3,19,0,3,1,3,0.38,0.3939,0.82,0.2537,12,147,159
1874,2011-03-23,2,0,3,20,0,3,1,3,0.36,0.303,0.87,0.6418,3,72,75
1875,2011-03-23,2,0,3,21,0,3,1,3,0.32,0.2879,1,0.4179,0,22,22
1876,2011-03-23,2,0,3,22,0,3,1,2,0.32,0.3182,0.93,0.1642,6,38,44
1877,2011-03-23,2,0,3,23,0,3,1,3,0.32,0.3333,0.9,0,2,24,26
1878,2011-03-24,2,0,3,0,0,4,1,2,0.32,0.303,0.93,0.2239,0,11,11
1879,2011-03-24,2,0,3,1,0,4,1,2,0.3,0.2879,1,0.2239,0,3,3
1880,2011-03-24,2,0,3,2,0,4,1,2,0.3,0.2879,1,0.2537,0,6,6
1881,2011-03-24,2,0,3,3,0,4,1,2,0.28,0.2727,1,0.194,1,0,1
1882,2011-03-24,2,0,3,4,0,4,1,2,0.28,0.2727,1,0.194,0,1,1
1883,2011-03-24,2,0,3,5,0,4,1,2,0.28,0.2727,0.93,0.2239,1,8,9
1884,2011-03-24,2,0,3,6,0,4,1,2,0.28,0.2727,0.93,0.2239,0,41,41
1885,2011-03-24,2,0,3,7,0,4,1,3,0.26,0.2576,1,0.2239,2,106,108
1886,2011-03-24,2,0,3,8,0,4,1,3,0.26,0.2273,1,0.2985,4,120,124
1887,2011-03-24,2,0,3,9,0,4,1,2,0.26,0.2576,0.93,0.2239,3,94,97
1888,2011-03-24,2,0,3,10,0,4,1,2,0.26,0.2273,0.93,0.3284,10,55,65
1889,2011-03-24,2,0,3,11,0,4,1,2,0.3,0.2727,0.81,0.2985,10,61,71
1890,2011-03-24,2,0,3,12,0,4,1,2,0.3,0.2727,0.7,0.3284,12,82,94
1891,2011-03-24,2,0,3,13,0,4,1,2,0.32,0.303,0.7,0.2239,11,90,101
1892,2011-03-24,2,0,3,14,0,4,1,2,0.3,0.303,0.7,0.1343,17,66,83
1893,2011-03-24,2,0,3,15,0,4,1,2,0.3,0.2879,0.7,0.2537,13,77,90
1894,2011-03-24,2,0,3,16,0,4,1,2,0.3,0.2879,0.65,0.2239,6,78,84
1895,2011-03-24,2,0,3,17,0,4,1,2,0.3,0.2879,0.7,0.2239,12,221,233
1896,2011-03-24,2,0,3,18,0,4,1,2,0.3,0.2727,0.61,0.2985,17,197,214
1897,2011-03-24,2,0,3,19,0,4,1,1,0.3,0.2727,0.56,0.3881,16,122,138
1898,2011-03-24,2,0,3,20,0,4,1,1,0.28,0.2576,0.61,0.2836,8,110,118
1899,2011-03-24,2,0,3,21,0,4,1,1,0.26,0.2576,0.65,0.2239,11,67,78
1900,2011-03-24,2,0,3,22,0,4,1,1,0.26,0.2576,0.65,0.1642,3,59,62
1901,2011-03-24,2,0,3,23,0,4,1,1,0.24,0.2273,0.65,0.194,9,24,33
1902,2011-03-25,2,0,3,0,0,5,1,1,0.24,0.2273,0.6,0.194,1,17,18
1903,2011-03-25,2,0,3,1,0,5,1,1,0.2,0.2121,0.69,0.1642,0,5,5
1904,2011-03-25,2,0,3,2,0,5,1,1,0.2,0.197,0.69,0.2239,0,5,5
1905,2011-03-25,2,0,3,3,0,5,1,1,0.2,0.2273,0.69,0.1045,0,2,2
1906,2011-03-25,2,0,3,4,0,5,1,1,0.18,0.2121,0.74,0.1045,3,2,5
1907,2011-03-25,2,0,3,5,0,5,1,1,0.18,0.197,0.74,0.1642,0,9,9
1908,2011-03-25,2,0,3,6,0,5,1,1,0.18,0.1818,0.74,0.2239,0,32,32
1909,2011-03-25,2,0,3,7,0,5,1,1,0.2,0.1818,0.59,0.3582,4,100,104
1910,2011-03-25,2,0,3,8,0,5,1,1,0.22,0.2121,0.51,0.2836,9,228,237
1911,2011-03-25,2,0,3,9,0,5,1,1,0.24,0.2121,0.48,0.2985,16,150,166
1912,2011-03-25,2,0,3,10,0,5,1,1,0.26,0.2576,0.48,0,15,53,68
1913,2011-03-25,2,0,3,11,0,5,1,1,0.3,0.2879,0.45,0.2836,17,58,75
1914,2011-03-25,2,0,3,12,0,5,1,1,0.32,0.303,0.42,0.2537,37,108,145
1915,2011-03-25,2,0,3,13,0,5,1,1,0.32,0.3182,0.39,0.194,34,104,138
1916,2011-03-25,2,0,3,14,0,5,1,1,0.36,0.3333,0.32,0.3284,30,103,133
1917,2011-03-25,2,0,3,15,0,5,1,2,0.34,0.3182,0.36,0.2537,43,79,122
1918,2011-03-25,2,0,3,16,0,5,1,2,0.34,0.303,0.34,0.2985,23,127,150
1919,2011-03-25,2,0,3,17,0,5,1,2,0.32,0.2879,0.36,0.3582,23,202,225
1920,2011-03-25,2,0,3,18,0,5,1,1,0.3,0.2879,0.39,0.2537,8,190,198
1921,2011-03-25,2,0,3,19,0,5,1,2,0.3,0.2879,0.36,0.2836,9,126,135
1922,2011-03-25,2,0,3,20,0,5,1,2,0.3,0.303,0.39,0.1343,6,75,81
1923,2011-03-25,2,0,3,21,0,5,1,2,0.3,0.303,0.39,0.1642,11,64,75
1924,2011-03-25,2,0,3,22,0,5,1,2,0.28,0.2576,0.38,0.3284,3,40,43
1925,2011-03-25,2,0,3,23,0,5,1,2,0.26,0.2424,0.38,0.2836,8,31,39
1926,2011-03-26,2,0,3,0,0,6,0,2,0.26,0.2424,0.38,0.2836,3,25,28
1927,2011-03-26,2,0,3,1,0,6,0,1,0.26,0.2273,0.38,0.2985,3,24,27
1928,2011-03-26,2,0,3,2,0,6,0,1,0.22,0.2121,0.44,0.2239,4,21,25
1929,2011-03-26,2,0,3,3,0,6,0,1,0.2,0.197,0.47,0.194,2,7,9
1930,2011-03-26,2,0,3,4,0,6,0,1,0.22,0.2121,0.44,0.2239,2,4,6
1931,2011-03-26,2,0,3,5,0,6,0,1,0.2,0.197,0.51,0.194,0,8,8
1932,2011-03-26,2,0,3,6,0,6,0,1,0.18,0.1818,0.55,0.194,2,8,10
1933,2011-03-26,2,0,3,7,0,6,0,1,0.2,0.197,0.51,0.194,18,23,41
1934,2011-03-26,2,0,3,8,0,6,0,1,0.22,0.2273,0.44,0.1343,24,42,66
1935,2011-03-26,2,0,3,9,0,6,0,1,0.24,0.2424,0.41,0.1343,32,68,100
1936,2011-03-26,2,0,3,10,0,6,0,1,0.26,0.2576,0.41,0.1642,32,93,125
1937,2011-03-26,2,0,3,11,0,6,0,1,0.28,0.2727,0.38,0.1642,75,93,168
1938,2011-03-26,2,0,3,12,0,6,0,1,0.3,0.2879,0.36,0.194,98,129,227
1939,2011-03-26,2,0,3,13,0,6,0,1,0.32,0.303,0.33,0.2239,94,145,239
1940,2011-03-26,2,0,3,14,0,6,0,1,0.34,0.3182,0.29,0.2239,93,123,216
1941,2011-03-26,2,0,3,15,0,6,0,1,0.34,0.3333,0.29,0.194,110,109,219
1942,2011-03-26,2,0,3,16,0,6,0,1,0.34,0.3333,0.23,0.194,118,130,248
1943,2011-03-26,2,0,3,17,0,6,0,1,0.32,0.303,0.24,0.2239,102,101,203
1944,2011-03-26,2,0,3,18,0,6,0,2,0.32,0.3182,0.21,0.1642,64,89,153
1945,2011-03-26,2,0,3,19,0,6,0,2,0.28,0.2727,0.45,0.2537,45,93,138
1946,2011-03-26,2,0,3,20,0,6,0,2,0.28,0.2727,0.45,0.2537,18,67,85
1947,2011-03-26,2,0,3,21,0,6,0,2,0.26,0.2576,0.44,0.194,15,36,51
1948,2011-03-26,2,0,3,22,0,6,0,2,0.28,0.2727,0.41,0.2239,17,46,63
1949,2011-03-26,2,0,3,23,0,6,0,2,0.26,0.2424,0.44,0.2836,10,31,41
1950,2011-03-27,2,0,3,0,0,0,0,2,0.26,0.2576,0.41,0.1642,5,26,31
1951,2011-03-27,2,0,3,1,0,0,0,2,0.24,0.2273,0.52,0.194,3,17,20
1952,2011-03-27,2,0,3,2,0,0,0,3,0.22,0.2273,0.55,0.194,6,15,21
1953,2011-03-27,2,0,3,3,0,0,0,3,0.2,0.197,0.69,0.2239,0,14,14
1954,2011-03-27,2,0,3,4,0,0,0,3,0.18,0.197,0.74,0.1642,1,5,6
1955,2011-03-27,2,0,3,6,0,0,0,3,0.16,0.1818,0.86,0.1343,0,2,2
1956,2011-03-27,2,0,3,7,0,0,0,3,0.16,0.1667,0.86,0.1642,0,7,7
1957,2011-03-27,2,0,3,8,0,0,0,1,0.2,0.197,0.69,0.2239,6,8,14
1958,2011-03-27,2,0,3,9,0,0,0,1,0.22,0.2273,0.55,0.1343,17,37,54
1959,2011-03-27,2,0,3,10,0,0,0,2,0.22,0.2121,0.55,0.2239,27,59,86
1960,2011-03-27,2,0,3,11,0,0,0,2,0.24,0.2424,0.48,0.1642,23,85,108
1961,2011-03-27,2,0,3,12,0,0,0,2,0.26,0.2576,0.44,0.2239,43,120,163
1962,2011-03-27,2,0,3,13,0,0,0,1,0.3,0.2879,0.39,0.2239,47,100,147
1963,2011-03-27,2,0,3,14,0,0,0,1,0.32,0.3182,0.36,0.1642,61,103,164
1964,2011-03-27,2,0,3,15,0,0,0,1,0.32,0.303,0.36,0.2836,61,111,172
1965,2011-03-27,2,0,3,16,0,0,0,1,0.34,0.3333,0.34,0,45,98,143
1966,2011-03-27,2,0,3,17,0,0,0,1,0.32,0.303,0.31,0.2537,50,109,159
1967,2011-03-27,2,0,3,18,0,0,0,1,0.3,0.2879,0.33,0.194,32,105,137
1968,2011-03-27,2,0,3,19,0,0,0,1,0.3,0.2879,0.31,0.2239,23,80,103
1969,2011-03-27,2,0,3,20,0,0,0,1,0.28,0.2727,0.36,0.1642,7,50,57
1970,2011-03-27,2,0,3,21,0,0,0,1,0.26,0.2576,0.41,0.1642,7,29,36
1971,2011-03-27,2,0,3,22,0,0,0,1,0.26,0.2576,0.41,0.1642,5,25,30
1972,2011-03-27,2,0,3,23,0,0,0,1,0.26,0.2576,0.44,0.194,3,16,19
1973,2011-03-28,2,0,3,0,0,1,1,1,0.22,0.2273,0.55,0.194,1,11,12
1974,2011-03-28,2,0,3,1,0,1,1,1,0.22,0.2273,0.44,0.194,2,4,6
1975,2011-03-28,2,0,3,2,0,1,1,1,0.22,0.2273,0.44,0.1642,0,5,5
1976,2011-03-28,2,0,3,3,0,1,1,1,0.22,0.2273,0.44,0.1642,0,2,2
1977,2011-03-28,2,0,3,5,0,1,1,1,0.18,0.1818,0.43,0.194,0,8,8
1978,2011-03-28,2,0,3,6,0,1,1,1,0.18,0.1667,0.34,0.2836,0,40,40
1979,2011-03-28,2,0,3,7,0,1,1,1,0.2,0.1818,0.32,0.3284,6,104,110
1980,2011-03-28,2,0,3,8,0,1,1,1,0.2,0.197,0.34,0.2239,15,239,254
1981,2011-03-28,2,0,3,9,0,1,1,2,0.22,0.2121,0.32,0.2239,12,109,121
1982,2011-03-28,2,0,3,10,0,1,1,1,0.24,0.2273,0.3,0.194,22,47,69
1983,2011-03-28,2,0,3,11,0,1,1,2,0.26,0.2424,0.3,0.2836,18,39,57
1984,2011-03-28,2,0,3,12,0,1,1,2,0.26,0.2727,0.25,0,8,71,79
1985,2011-03-28,2,0,3,13,0,1,1,2,0.3,0.2879,0.24,0.2239,14,69,83
1986,2011-03-28,2,0,3,14,0,1,1,1,0.32,0.303,0.22,0.2239,15,65,80
1987,2011-03-28,2,0,3,15,0,1,1,1,0.32,0.303,0.24,0.2836,19,53,72
1988,2011-03-28,2,0,3,16,0,1,1,1,0.34,0.3182,0.23,0.2239,15,117,132
1989,2011-03-28,2,0,3,17,0,1,1,1,0.34,0.303,0.23,0.2985,25,227,252
1990,2011-03-28,2,0,3,18,0,1,1,1,0.32,0.303,0.21,0.2836,21,220,241
1991,2011-03-28,2,0,3,19,0,1,1,1,0.3,0.303,0.22,0.1343,17,156,173
1992,2011-03-28,2,0,3,20,0,1,1,1,0.32,0.3333,0.22,0.1045,5,107,112
1993,2011-03-28,2,0,3,21,0,1,1,1,0.32,0.3333,0.21,0.1343,6,55,61
1994,2011-03-28,2,0,3,22,0,1,1,1,0.3,0.2879,0.22,0.2239,0,40,40
1995,2011-03-28,2,0,3,23,0,1,1,1,0.28,0.2576,0.24,0.2985,1,18,19
1996,2011-03-29,2,0,3,0,0,2,1,1,0.26,0.2273,0.28,0.3284,1,15,16
1997,2011-03-29,2,0,3,1,0,2,1,1,0.24,0.2121,0.32,0.2985,0,4,4
1998,2011-03-29,2,0,3,2,0,2,1,1,0.24,0.2121,0.32,0.2985,0,3,3
1999,2011-03-29,2,0,3,3,0,2,1,1,0.24,0.2121,0.32,0.2985,2,1,3
2000,2011-03-29,2,0,3,4,0,2,1,1,0.2,0.2121,0.44,0.1642,1,1,2
2001,2011-03-29,2,0,3,5,0,2,1,1,0.22,0.2121,0.37,0.2537,0,8,8
2002,2011-03-29,2,0,3,6,0,2,1,1,0.22,0.2121,0.41,0.2985,4,46,50
2003,2011-03-29,2,0,3,7,0,2,1,1,0.22,0.197,0.41,0.3582,5,128,133
2004,2011-03-29,2,0,3,8,0,2,1,1,0.24,0.2121,0.35,0.3582,19,268,287
2005,2011-03-29,2,0,3,9,0,2,1,1,0.28,0.2576,0.28,0.3881,16,156,172
2006,2011-03-29,2,0,3,10,0,2,1,1,0.3,0.2727,0.24,0.2985,13,46,59
2007,2011-03-29,2,0,3,11,0,2,1,2,0.34,0.303,0.25,0.3881,18,63,81
2008,2011-03-29,2,0,3,12,0,2,1,1,0.34,0.3333,0.25,0.1642,29,77,106
2009,2011-03-29,2,0,3,13,0,2,1,1,0.34,0.303,0.25,0.2985,24,80,104
2010,2011-03-29,2,0,3,14,0,2,1,1,0.36,0.3333,0.25,0.2537,20,66,86
2011,2011-03-29,2,0,3,15,0,2,1,1,0.38,0.3939,0.25,0.2239,22,65,87
2012,2011-03-29,2,0,3,16,0,2,1,1,0.38,0.3939,0.22,0.1642,12,124,136
2013,2011-03-29,2,0,3,17,0,2,1,1,0.4,0.4091,0.2,0.1343,34,265,299
2014,2011-03-29,2,0,3,18,0,2,1,1,0.36,0.3636,0.21,0.0896,42,252,294
2015,2011-03-29,2,0,3,19,0,2,1,1,0.34,0.3333,0.23,0.194,20,170,190
2016,2011-03-29,2,0,3,20,0,2,1,1,0.36,0.3636,0.21,0.0896,13,119,132
2017,2011-03-29,2,0,3,21,0,2,1,1,0.34,0.3636,0.42,0,8,75,83
2018,2011-03-29,2,0,3,22,0,2,1,1,0.34,0.3636,0.49,0,6,49,55
2019,2011-03-29,2,0,3,23,0,2,1,2,0.32,0.3333,0.57,0.1045,8,27,35
2020,2011-03-30,2,0,3,0,0,3,1,2,0.32,0.3485,0.57,0,3,8,11
2021,2011-03-30,2,0,3,1,0,3,1,1,0.32,0.3485,0.39,0,1,9,10
2022,2011-03-30,2,0,3,2,0,3,1,2,0.32,0.3485,0.57,0,0,4,4
2023,2011-03-30,2,0,3,3,0,3,1,2,0.32,0.3485,0.49,0,0,4,4
2024,2011-03-30,2,0,3,4,0,3,1,2,0.32,0.3485,0.57,0,1,0,1
2025,2011-03-30,2,0,3,5,0,3,1,2,0.3,0.2879,0.56,0.194,0,7,7
2026,2011-03-30,2,0,3,6,0,3,1,2,0.3,0.303,0.49,0.1343,4,44,48
2027,2011-03-30,2,0,3,7,0,3,1,2,0.32,0.3333,0.45,0.1045,8,128,136
2028,2011-03-30,2,0,3,8,0,3,1,2,0.32,0.3182,0.49,0.1642,16,247,263
2029,2011-03-30,2,0,3,9,0,3,1,2,0.32,0.303,0.45,0.2239,7,147,154
2030,2011-03-30,2,0,3,10,0,3,1,2,0.34,0.3182,0.46,0.2239,13,51,64
2031,2011-03-30,2,0,3,11,0,3,1,2,0.34,0.3182,0.46,0.2537,26,64,90
2032,2011-03-30,2,0,3,12,0,3,1,2,0.34,0.3333,0.46,0.1642,15,65,80
2033,2011-03-30,2,0,3,13,0,3,1,2,0.36,0.3485,0.46,0.2239,14,84,98
2034,2011-03-30,2,0,3,14,0,3,1,2,0.36,0.3333,0.46,0.2985,16,64,80
2035,2011-03-30,2,0,3,15,0,3,1,3,0.28,0.2576,0.81,0.2985,14,56,70
2036,2011-03-30,2,0,3,16,0,3,1,3,0.28,0.2727,0.87,0.2537,0,36,36
2037,2011-03-30,2,0,3,17,0,3,1,3,0.26,0.2727,0.93,0.1045,11,105,116
2038,2011-03-30,2,0,3,18,0,3,1,2,0.26,0.2576,0.93,0.2239,6,79,85
2039,2011-03-30,2,0,3,19,0,3,1,2,0.26,0.2576,0.93,0.2239,5,67,72
2040,2011-03-30,2,0,3,20,0,3,1,3,0.24,0.2121,0.93,0.2985,4,40,44
2041,2011-03-30,2,0,3,21,0,3,1,2,0.24,0.2273,0.93,0.2537,0,27,27
2042,2011-03-30,2,0,3,22,0,3,1,3,0.24,0.2273,0.93,0.2239,3,21,24
2043,2011-03-30,2,0,3,23,0,3,1,3,0.24,0.2121,0.93,0.2836,1,11,12
2044,2011-03-31,2,0,3,0,0,4,1,3,0.24,0.2273,0.93,0.2239,0,3,3
2045,2011-03-31,2,0,3,1,0,4,1,3,0.24,0.2273,0.93,0.194,1,4,5
2046,2011-03-31,2,0,3,2,0,4,1,3,0.24,0.2273,0.93,0.194,0,5,5
2047,2011-03-31,2,0,3,3,0,4,1,3,0.24,0.2273,0.93,0.2239,0,1,1
2048,2011-03-31,2,0,3,4,0,4,1,3,0.24,0.2273,0.93,0.2537,0,2,2
2049,2011-03-31,2,0,3,5,0,4,1,3,0.24,0.2273,0.93,0.2239,0,8,8
2050,2011-03-31,2,0,3,6,0,4,1,3,0.24,0.2121,0.93,0.2985,2,34,36
2051,2011-03-31,2,0,3,7,0,4,1,3,0.24,0.2273,0.93,0.2537,5,87,92
2052,2011-03-31,2,0,3,8,0,4,1,2,0.24,0.2273,1,0.2537,7,185,192
2053,2011-03-31,2,0,3,9,0,4,1,3,0.26,0.2424,0.93,0.2537,6,126,132
2054,2011-03-31,2,0,3,10,0,4,1,3,0.26,0.2424,0.93,0.2537,15,54,69
2055,2011-03-31,2,0,3,11,0,4,1,3,0.28,0.2727,0.93,0.194,6,52,58
2056,2011-03-31,2,0,3,12,0,4,1,3,0.28,0.2727,0.93,0.194,17,73,90
2057,2011-03-31,2,0,3,13,0,4,1,3,0.3,0.303,0.87,0.1343,13,55,68
2058,2011-03-31,2,0,3,14,0,4,1,3,0.3,0.303,0.87,0.1343,27,49,76
2059,2011-03-31,2,0,3,15,0,4,1,3,0.3,0.2727,0.87,0.2985,4,61,65
2060,2011-03-31,2,0,3,16,0,4,1,2,0.3,0.2879,0.87,0.2537,13,72,85
2061,2011-03-31,2,0,3,17,0,4,1,2,0.3,0.2879,0.87,0.2537,15,153,168
2062,2011-03-31,2,0,3,18,0,4,1,2,0.3,0.303,0.87,0.1343,12,165,177
2063,2011-03-31,2,0,3,19,0,4,1,2,0.3,0.303,0.87,0.1343,12,118,130
2064,2011-03-31,2,0,3,20,0,4,1,3,0.28,0.2576,0.93,0.2836,6,79,85
2065,2011-03-31,2,0,3,21,0,4,1,2,0.28,0.2727,0.93,0.1642,7,53,60
2066,2011-03-31,2,0,3,22,0,4,1,3,0.28,0.2727,0.93,0.2537,7,44,51
2067,2011-03-31,2,0,3,23,0,4,1,3,0.26,0.2576,1,0.1642,4,23,27
2068,2011-04-01,2,0,4,0,0,5,1,3,0.26,0.2576,1,0.1642,0,6,6
2069,2011-04-01,2,0,4,1,0,5,1,3,0.26,0.2576,1,0.1642,0,4,4
2070,2011-04-01,2,0,4,2,0,5,1,3,0.26,0.2576,0.93,0.194,0,7,7
2071,2011-04-01,2,0,4,3,0,5,1,2,0.24,0.2273,0.93,0.2537,0,4,4
2072,2011-04-01,2,0,4,4,0,5,1,2,0.24,0.2273,0.93,0.2537,0,3,3
2073,2011-04-01,2,0,4,5,0,5,1,3,0.24,0.2273,0.93,0.2239,1,11,12
2074,2011-04-01,2,0,4,6,0,5,1,3,0.24,0.2273,0.93,0.2239,2,26,28
2075,2011-04-01,2,0,4,7,0,5,1,3,0.24,0.2424,0.93,0,4,91,95
2076,2011-04-01,2,0,4,8,0,5,1,2,0.26,0.2424,0.87,0.2537,8,198,206
2077,2011-04-01,2,0,4,9,0,5,1,1,0.32,0.2879,0.7,0.3582,11,162,173
2078,2011-04-01,2,0,4,10,0,5,1,1,0.32,0.303,0.66,0.2836,12,63,75
2079,2011-04-01,2,0,4,11,0,5,1,1,0.32,0.2879,0.61,0.3582,17,72,89
2080,2011-04-01,2,0,4,12,0,5,1,1,0.34,0.303,0.53,0.3582,15,80,95
2081,2011-04-01,2,0,4,13,0,5,1,1,0.36,0.3333,0.5,0.3582,18,92,110
2082,2011-04-01,2,0,4,14,0,5,1,2,0.36,0.3333,0.46,0.3582,26,61,87
2083,2011-04-01,2,0,4,15,0,5,1,1,0.34,0.303,0.46,0.4179,30,81,111
2084,2011-04-01,2,0,4,16,0,5,1,1,0.34,0.303,0.46,0.4179,42,125,167
2085,2011-04-01,2,0,4,17,0,5,1,1,0.34,0.303,0.46,0.3284,36,245,281
2086,2011-04-01,2,0,4,18,0,5,1,1,0.34,0.303,0.46,0.3284,36,205,241
2087,2011-04-01,2,0,4,19,0,5,1,1,0.34,0.303,0.49,0.3284,16,120,136
2088,2011-04-01,2,0,4,20,0,5,1,1,0.32,0.3182,0.53,0.194,2,75,77
2089,2011-04-01,2,0,4,21,0,5,1,1,0.32,0.3333,0.53,0.1343,9,84,93
2090,2011-04-01,2,0,4,22,0,5,1,1,0.3,0.303,0.56,0.1642,10,64,74
2091,2011-04-01,2,0,4,23,0,5,1,1,0.3,0.3182,0.61,0.0896,12,41,53
2092,2011-04-02,2,0,4,0,0,6,0,2,0.3,0.3333,0.61,0,3,29,32
2093,2011-04-02,2,0,4,1,0,6,0,1,0.26,0.2727,0.65,0.1343,4,28,32
2094,2011-04-02,2,0,4,2,0,6,0,1,0.24,0.2424,0.75,0.1343,1,20,21
2095,2011-04-02,2,0,4,3,0,6,0,1,0.24,0.2424,0.7,0.1642,1,8,9
2096,2011-04-02,2,0,4,4,0,6,0,1,0.24,0.2424,0.7,0.1642,0,5,5
2097,2011-04-02,2,0,4,5,0,6,0,2,0.24,0.2424,0.75,0.1642,1,4,5
2098,2011-04-02,2,0,4,6,0,6,0,1,0.26,0.2727,0.7,0.1045,5,7,12
2099,2011-04-02,2,0,4,7,0,6,0,2,0.26,0.2727,0.7,0.1045,2,16,18
2100,2011-04-02,2,0,4,8,0,6,0,1,0.3,0.3182,0.7,0.1045,10,45,55
2101,2011-04-02,2,0,4,9,0,6,0,2,0.34,0.3485,0.66,0.1045,22,65,87
2102,2011-04-02,2,0,4,10,0,6,0,2,0.36,0.3485,0.57,0.1642,41,113,154
2103,2011-04-02,2,0,4,11,0,6,0,2,0.4,0.4091,0.47,0.1642,72,126,198
2104,2011-04-02,2,0,4,12,0,6,0,3,0.32,0.3333,0.81,0.1343,84,100,184
2105,2011-04-02,2,0,4,13,0,6,0,1,0.34,0.3333,0.81,0.1343,56,81,137
2106,2011-04-02,2,0,4,14,0,6,0,3,0.32,0.303,0.76,0.3284,97,93,190
2107,2011-04-02,2,0,4,15,0,6,0,3,0.34,0.303,0.76,0.3881,72,64,136
2108,2011-04-02,2,0,4,16,0,6,0,1,0.38,0.3939,0.62,0.3284,111,85,196
2109,2011-04-02,2,0,4,17,0,6,0,1,0.38,0.3939,0.54,0.3582,89,95,184
2110,2011-04-02,2,0,4,18,0,6,0,1,0.38,0.3939,0.54,0.194,69,110,179
2111,2011-04-02,2,0,4,19,0,6,0,1,0.36,0.3333,0.53,0.3582,71,77,148
2112,2011-04-02,2,0,4,20,0,6,0,1,0.34,0.3182,0.53,0.2836,29,56,85
2113,2011-04-02,2,0,4,21,0,6,0,1,0.32,0.303,0.61,0.2537,24,53,77
2114,2011-04-02,2,0,4,22,0,6,0,1,0.32,0.303,0.61,0.2985,14,41,55
2115,2011-04-02,2,0,4,23,0,6,0,1,0.32,0.3182,0.61,0.1642,20,33,53
2116,2011-04-03,2,0,4,0,0,0,0,1,0.3,0.2879,0.65,0.194,8,31,39
2117,2011-04-03,2,0,4,1,0,0,0,1,0.3,0.3182,0.61,0.1045,8,26,34
2118,2011-04-03,2,0,4,2,0,0,0,1,0.26,0.2727,0.7,0.1343,5,19,24
2119,2011-04-03,2,0,4,3,0,0,0,1,0.3,0.3333,0.61,0,3,8,11
2120,2011-04-03,2,0,4,4,0,0,0,1,0.28,0.303,0.7,0.0896,3,0,3
2121,2011-04-03,2,0,4,5,0,0,0,1,0.28,0.2727,0.65,0.2239,1,4,5
2122,2011-04-03,2,0,4,6,0,0,0,1,0.28,0.2727,0.65,0.194,10,23,33
2123,2011-04-03,2,0,4,7,0,0,0,1,0.32,0.303,0.57,0.2239,13,20,33
2124,2011-04-03,2,0,4,8,0,0,0,1,0.34,0.3333,0.57,0.1642,18,44,62
2125,2011-04-03,2,0,4,9,0,0,0,1,0.36,0.3182,0.5,0.4925,68,74,142
2126,2011-04-03,2,0,4,10,0,0,0,1,0.4,0.4091,0.43,0.4179,111,104,215
2127,2011-04-03,2,0,4,11,0,0,0,1,0.42,0.4242,0.41,0.2537,139,104,243
2128,2011-04-03,2,0,4,12,0,0,0,1,0.44,0.4394,0.38,0.2836,166,147,313
2129,2011-04-03,2,0,4,13,0,0,0,1,0.44,0.4394,0.33,0.2985,219,148,367
2130,2011-04-03,2,0,4,14,0,0,0,1,0.46,0.4545,0.31,0.1343,240,109,349
2131,2011-04-03,2,0,4,15,0,0,0,2,0.46,0.4545,0.33,0,174,118,292
2132,2011-04-03,2,0,4,16,0,0,0,2,0.46,0.4545,0.31,0.194,147,156,303
2133,2011-04-03,2,0,4,17,0,0,0,2,0.46,0.4545,0.28,0.1343,148,126,274
2134,2011-04-03,2,0,4,18,0,0,0,2,0.46,0.4545,0.31,0,71,101,172
2135,2011-04-03,2,0,4,19,0,0,0,2,0.42,0.4242,0.44,0.194,51,93,144
2136,2011-04-03,2,0,4,20,0,0,0,3,0.42,0.4242,0.41,0.2239,24,55,79
2137,2011-04-03,2,0,4,21,0,0,0,2,0.42,0.4242,0.44,0.2239,8,37,45
2138,2011-04-03,2,0,4,22,0,0,0,1,0.4,0.4091,0.43,0.1045,7,29,36
2139,2011-04-03,2,0,4,23,0,0,0,1,0.4,0.4091,0.5,0.0896,9,22,31
2140,2011-04-04,2,0,4,0,0,1,1,1,0.4,0.4091,0.5,0.2239,1,5,6
2141,2011-04-04,2,0,4,1,0,1,1,1,0.4,0.4091,0.56,0.3582,7,4,11
2142,2011-04-04,2,0,4,2,0,1,1,1,0.38,0.3939,0.66,0.2537,1,1,2
2143,2011-04-04,2,0,4,3,0,1,1,1,0.38,0.3939,0.66,0.2836,1,0,1
2144,2011-04-04,2,0,4,4,0,1,1,1,0.38,0.3939,0.71,0.2985,1,1,2
2145,2011-04-04,2,0,4,5,0,1,1,1,0.4,0.4091,0.62,0.2537,0,7,7
2146,2011-04-04,2,0,4,6,0,1,1,1,0.42,0.4242,0.58,0.2836,3,43,46
2147,2011-04-04,2,0,4,7,0,1,1,2,0.44,0.4394,0.54,0.2537,7,150,157
2148,2011-04-04,2,0,4,8,0,1,1,2,0.46,0.4545,0.55,0.2985,31,308,339
2149,2011-04-04,2,0,4,9,0,1,1,2,0.5,0.4848,0.51,0.3881,24,134,158
2150,2011-04-04,2,0,4,10,0,1,1,2,0.54,0.5152,0.45,0.3582,35,55,90
2151,2011-04-04,2,0,4,11,0,1,1,1,0.6,0.6212,0.4,0.3881,58,66,124
2152,2011-04-04,2,0,4,12,0,1,1,1,0.64,0.6212,0.36,0.4627,59,98,157
2153,2011-04-04,2,0,4,13,0,1,1,1,0.68,0.6364,0.34,0.3284,47,92,139
2154,2011-04-04,2,0,4,14,0,1,1,2,0.74,0.6515,0.27,0.4925,47,76,123
2155,2011-04-04,2,0,4,15,0,1,1,1,0.76,0.6667,0.23,0.5522,47,96,143
2156,2011-04-04,2,0,4,16,0,1,1,1,0.76,0.6515,0.22,0.5224,59,130,189
2157,2011-04-04,2,0,4,17,0,1,1,1,0.74,0.6515,0.23,0.6119,83,283,366
2158,2011-04-04,2,0,4,18,0,1,1,2,0.72,0.6364,0.23,0.4925,78,308,386
2159,2011-04-04,2,0,4,19,0,1,1,1,0.7,0.6364,0.24,0.4627,51,227,278
2160,2011-04-04,2,0,4,20,0,1,1,2,0.7,0.6364,0.24,0.5522,40,133,173
2161,2011-04-04,2,0,4,21,0,1,1,2,0.7,0.6364,0.3,0.4478,19,76,95
2162,2011-04-04,2,0,4,22,0,1,1,2,0.68,0.6364,0.36,0.4627,17,58,75
2163,2011-04-04,2,0,4,23,0,1,1,2,0.64,0.6212,0.47,0.2239,18,30,48
2164,2011-04-05,2,0,4,0,0,2,1,1,0.62,0.6212,0.5,0.1045,10,12,22
2165,2011-04-05,2,0,4,1,0,2,1,3,0.62,0.6212,0.57,0.4179,10,5,15
2166,2011-04-05,2,0,4,2,0,2,1,2,0.54,0.5152,0.73,0.3284,0,5,5
2167,2011-04-05,2,0,4,3,0,2,1,2,0.54,0.5152,0.73,0.3284,1,3,4
2168,2011-04-05,2,0,4,4,0,2,1,3,0.5,0.4848,0.88,0.4925,0,2,2
2169,2011-04-05,2,0,4,5,0,2,1,3,0.46,0.4545,0.94,0.2985,0,5,5
2170,2011-04-05,2,0,4,6,0,2,1,2,0.48,0.4697,0.88,0.3284,2,36,38
2171,2011-04-05,2,0,4,7,0,2,1,2,0.48,0.4697,0.88,0.3284,10,124,134
2172,2011-04-05,2,0,4,8,0,2,1,3,0.38,0.3939,0.87,0.5821,9,148,157
2173,2011-04-05,2,0,4,9,0,2,1,3,0.36,0.3182,0.87,0.4925,2,44,46
2174,2011-04-05,2,0,4,10,0,2,1,3,0.34,0.303,0.81,0.3881,3,25,28
2175,2011-04-05,2,0,4,11,0,2,1,3,0.32,0.2879,0.81,0.4478,1,18,19
2176,2011-04-05,2,0,4,12,0,2,1,2,0.34,0.303,0.71,0.3881,6,32,38
2177,2011-04-05,2,0,4,13,0,2,1,2,0.36,0.3333,0.63,0.4179,5,51,56
2178,2011-04-05,2,0,4,14,0,2,1,2,0.36,0.3182,0.57,0.4925,9,67,76
2179,2011-04-05,2,0,4,15,0,2,1,1,0.4,0.4091,0.46,0.4627,6,62,68
2180,2011-04-05,2,0,4,16,0,2,1,1,0.38,0.3939,0.46,0.4179,17,113,130
2181,2011-04-05,2,0,4,17,0,2,1,1,0.42,0.4242,0.38,0.4179,27,246,273
2182,2011-04-05,2,0,4,18,0,2,1,1,0.38,0.3939,0.4,0.4925,19,248,267
2183,2011-04-05,2,0,4,19,0,2,1,1,0.36,0.3333,0.43,0.2985,12,148,160
2184,2011-04-05,2,0,4,20,0,2,1,1,0.34,0.3182,0.46,0.2836,4,87,91
2185,2011-04-05,2,0,4,21,0,2,1,1,0.34,0.2879,0.46,0.5224,8,81,89
2186,2011-04-05,2,0,4,22,0,2,1,1,0.32,0.303,0.49,0.2985,3,43,46
2187,2011-04-05,2,0,4,23,0,2,1,1,0.3,0.2879,0.49,0.2836,3,23,26
2188,2011-04-06,2,0,4,0,0,3,1,1,0.3,0.3182,0.49,0.1045,0,15,15
2189,2011-04-06,2,0,4,1,0,3,1,1,0.26,0.2727,0.6,0.1343,0,2,2
2190,2011-04-06,2,0,4,2,0,3,1,1,0.24,0.2424,0.7,0.1343,0,5,5
2191,2011-04-06,2,0,4,3,0,3,1,1,0.26,0.2727,0.6,0.1343,0,4,4
2192,2011-04-06,2,0,4,4,0,3,1,1,0.24,0.2424,0.65,0.1343,0,1,1
2193,2011-04-06,2,0,4,5,0,3,1,1,0.24,0.2576,0.7,0.1045,1,12,13
2194,2011-04-06,2,0,4,6,0,3,1,1,0.24,0.2576,0.7,0.1045,4,52,56
2195,2011-04-06,2,0,4,7,0,3,1,1,0.26,0.2727,0.65,0.1045,3,130,133
2196,2011-04-06,2,0,4,8,0,3,1,1,0.32,0.303,0.61,0.2239,17,308,325
2197,2011-04-06,2,0,4,9,0,3,1,1,0.36,0.3333,0.46,0.2537,8,157,165
2198,2011-04-06,2,0,4,10,0,3,1,1,0.4,0.4091,0.37,0.3881,21,48,69
2199,2011-04-06,2,0,4,11,0,3,1,1,0.42,0.4242,0.38,0.3881,23,70,93
2200,2011-04-06,2,0,4,12,0,3,1,1,0.44,0.4394,0.41,0.2537,22,112,134
2201,2011-04-06,2,0,4,13,0,3,1,1,0.46,0.4545,0.38,0.4925,29,83,112
2202,2011-04-06,2,0,4,14,0,3,1,1,0.5,0.4848,0.34,0.4179,35,80,115
2203,2011-04-06,2,0,4,15,0,3,1,1,0.52,0.5,0.32,0.3284,34,83,117
2204,2011-04-06,2,0,4,16,0,3,1,1,0.54,0.5152,0.28,0.4179,27,142,169
2205,2011-04-06,2,0,4,17,0,3,1,1,0.52,0.5,0.32,0.4478,53,303,356
2206,2011-04-06,2,0,4,18,0,3,1,1,0.52,0.5,0.29,0.3582,43,282,325
2207,2011-04-06,2,0,4,19,0,3,1,1,0.5,0.4848,0.31,0.2985,36,196,232
2208,2011-04-06,2,0,4,20,0,3,1,1,0.46,0.4545,0.51,0.2239,15,126,141
2209,2011-04-06,2,0,4,21,0,3,1,1,0.46,0.4545,0.41,0.2836,18,84,102
2210,2011-04-06,2,0,4,22,0,3,1,1,0.46,0.4545,0.41,0.2836,13,71,84
2211,2011-04-06,2,0,4,23,0,3,1,1,0.46,0.4545,0.41,0.2985,11,29,40
2212,2011-04-07,2,0,4,0,0,4,1,1,0.46,0.4545,0.41,0.2836,5,15,20
2213,2011-04-07,2,0,4,1,0,4,1,1,0.42,0.4242,0.47,0.1343,2,11,13
2214,2011-04-07,2,0,4,2,0,4,1,1,0.42,0.4242,0.54,0,0,7,7
2215,2011-04-07,2,0,4,3,0,4,1,1,0.36,0.3485,0.66,0.194,0,3,3
2216,2011-04-07,2,0,4,4,0,4,1,1,0.34,0.3333,0.76,0.194,0,1,1
2217,2011-04-07,2,0,4,5,0,4,1,1,0.34,0.3182,0.76,0.2239,0,6,6
2218,2011-04-07,2,0,4,6,0,4,1,1,0.32,0.303,0.81,0.2537,5,59,64
2219,2011-04-07,2,0,4,7,0,4,1,2,0.34,0.3333,0.76,0.1642,8,152,160
2220,2011-04-07,2,0,4,8,0,4,1,1,0.36,0.3485,0.76,0.194,23,291,314
2221,2011-04-07,2,0,4,9,0,4,1,2,0.4,0.4091,0.66,0.1343,15,155,170
2222,2011-04-07,2,0,4,10,0,4,1,2,0.42,0.4242,0.67,0.1045,29,66,95
2223,2011-04-07,2,0,4,11,0,4,1,2,0.46,0.4545,0.55,0,36,86,122
2224,2011-04-07,2,0,4,12,0,4,1,2,0.46,0.4545,0.55,0,39,114,153
2225,2011-04-07,2,0,4,13,0,4,1,2,0.52,0.5,0.48,0.0896,36,99,135
2226,2011-04-07,2,0,4,14,0,4,1,1,0.56,0.5303,0.43,0.0896,46,111,157
2227,2011-04-07,2,0,4,15,0,4,1,1,0.6,0.6212,0.38,0.1045,27,133,160
2228,2011-04-07,2,0,4,16,0,4,1,1,0.6,0.6212,0.35,0,52,161,213
2229,2011-04-07,2,0,4,17,0,4,1,1,0.52,0.5,0.52,0.2836,63,280,343
2230,2011-04-07,2,0,4,18,0,4,1,1,0.48,0.4697,0.55,0.2537,68,265,333
2231,2011-04-07,2,0,4,19,0,4,1,1,0.46,0.4545,0.59,0.2985,34,192,226
2232,2011-04-07,2,0,4,20,0,4,1,1,0.44,0.4394,0.62,0.1642,37,166,203
2233,2011-04-07,2,0,4,21,0,4,1,2,0.44,0.4394,0.67,0.2836,19,89,108
2234,2011-04-07,2,0,4,22,0,4,1,2,0.4,0.4091,0.76,0.194,18,63,81
2235,2011-04-07,2,0,4,23,0,4,1,1,0.38,0.3939,0.76,0.2537,9,45,54
2236,2011-04-08,2,0,4,0,0,5,1,2,0.36,0.3485,0.76,0.2239,4,21,25
2237,2011-04-08,2,0,4,1,0,5,1,2,0.34,0.3333,0.76,0.1343,3,6,9
2238,2011-04-08,2,0,4,2,0,5,1,3,0.34,0.3333,0.76,0.1642,3,10,13
2239,2011-04-08,2,0,4,3,0,5,1,3,0.34,0.3333,0.76,0.1642,0,1,1
2240,2011-04-08,2,0,4,4,0,5,1,2,0.34,0.3333,0.86,0.1343,0,1,1
2241,2011-04-08,2,0,4,5,0,5,1,2,0.32,0.3182,0.87,0.194,1,8,9
2242,2011-04-08,2,0,4,6,0,5,1,2,0.34,0.3636,0.87,0,2,33,35
2243,2011-04-08,2,0,4,7,0,5,1,3,0.34,0.3333,0.87,0.1642,4,109,113
2244,2011-04-08,2,0,4,8,0,5,1,3,0.34,0.3333,0.87,0.1642,13,208,221
2245,2011-04-08,2,0,4,9,0,5,1,2,0.36,0.3485,0.76,0.194,17,168,185
2246,2011-04-08,2,0,4,10,0,5,1,2,0.36,0.3333,0.71,0.2836,10,63,73
2247,2011-04-08,2,0,4,11,0,5,1,2,0.4,0.4091,0.62,0.3881,19,79,98
2248,2011-04-08,2,0,4,12,0,5,1,3,0.38,0.3939,0.66,0.2239,29,51,80
2249,2011-04-08,2,0,4,13,0,5,1,3,0.36,0.3333,0.76,0.2836,7,35,42
2250,2011-04-08,2,0,4,14,0,5,1,3,0.34,0.3182,0.87,0.2239,2,13,15
2251,2011-04-08,2,0,4,15,0,5,1,3,0.34,0.3182,0.87,0.2239,1,24,25
2252,2011-04-08,2,0,4,16,0,5,1,2,0.32,0.303,0.93,0.2537,2,58,60
2253,2011-04-08,2,0,4,17,0,5,1,3,0.32,0.303,0.93,0.2537,10,138,148
2254,2011-04-08,2,0,4,18,0,5,1,3,0.32,0.303,0.93,0.2537,8,54,62
2255,2011-04-08,2,0,4,19,0,5,1,3,0.3,0.2727,0.93,0.4179,1,52,53
2256,2011-04-08,2,0,4,20,0,5,1,2,0.3,0.2727,0.93,0.3284,12,51,63
2257,2011-04-08,2,0,4,21,0,5,1,2,0.3,0.2879,0.93,0.2537,11,43,54
2258,2011-04-08,2,0,4,22,0,5,1,2,0.3,0.2727,0.93,0.2985,9,42,51
2259,2011-04-08,2,0,4,23,0,5,1,2,0.3,0.2879,0.93,0.2239,4,31,35
2260,2011-04-09,2,0,4,0,0,6,0,2,0.3,0.2879,0.87,0.2239,5,26,31
2261,2011-04-09,2,0,4,1,0,6,0,2,0.3,0.303,0.87,0.1343,3,17,20
2262,2011-04-09,2,0,4,2,0,6,0,2,0.32,0.303,0.87,0.2239,2,15,17
2263,2011-04-09,2,0,4,3,0,6,0,3,0.3,0.2879,1,0.2537,3,11,14
2264,2011-04-09,2,0,4,4,0,6,0,3,0.3,0.2727,1,0.2537,0,3,3
2265,2011-04-09,2,0,4,5,0,6,0,2,0.3,0.2879,0.93,0.2239,0,5,5
2266,2011-04-09,2,0,4,6,0,6,0,2,0.3,0.2879,0.93,0.194,0,13,13
2267,2011-04-09,2,0,4,7,0,6,0,2,0.3,0.303,0.93,0.1642,8,13,21
6068,2011-09-15,3,0,9,9,0,4,1,2,0.64,0.6061,0.73,0.3582,23,186,209
6069,2011-09-15,3,0,9,10,0,4,1,2,0.66,0.6212,0.69,0.2537,25,96,121
6070,2011-09-15,3,0,9,11,0,4,1,2,0.68,0.6364,0.65,0.1343,39,120,159
6071,2011-09-15,3,0,9,12,0,4,1,2,0.66,0.6212,0.69,0.2985,31,148,179
6072,2011-09-15,3,0,9,13,0,4,1,2,0.64,0.6061,0.65,0.2836,38,151,189
6073,2011-09-15,3,0,9,14,0,4,1,2,0.64,0.6061,0.65,0.4179,36,134,170
6074,2011-09-15,3,0,9,15,0,4,1,2,0.6,0.5909,0.69,0.4179,25,110,135
6075,2011-09-15,3,0,9,16,0,4,1,2,0.54,0.5152,0.77,0.4627,29,193,222
6076,2011-09-15,3,0,9,17,0,4,1,3,0.48,0.4697,0.82,0.4627,31,230,261
6077,2011-09-15,3,0,9,18,0,4,1,3,0.48,0.4697,0.67,0.6119,22,222,244
6078,2011-09-15,3,0,9,19,0,4,1,1,0.46,0.4545,0.67,0.4627,20,212,232
6079,2011-09-15,3,0,9,20,0,4,1,1,0.46,0.4545,0.63,0.3284,25,223,248
6080,2011-09-15,3,0,9,21,0,4,1,1,0.46,0.4545,0.63,0.3284,11,134,145
6081,2011-09-15,3,0,9,22,0,4,1,1,0.44,0.4394,0.67,0.2836,7,108,115
6082,2011-09-15,3,0,9,23,0,4,1,1,0.44,0.4394,0.67,0.2239,8,61,69
6083,2011-09-16,3,0,9,0,0,5,1,1,0.42,0.4242,0.71,0.2239,5,43,48
6084,2011-09-16,3,0,9,1,0,5,1,1,0.42,0.4242,0.67,0.194,7,19,26
6085,2011-09-16,3,0,9,2,0,5,1,1,0.4,0.4091,0.71,0.2836,3,7,10
6086,2011-09-16,3,0,9,3,0,5,1,1,0.4,0.4091,0.71,0.2537,2,4,6
6087,2011-09-16,3,0,9,4,0,5,1,1,0.4,0.4091,0.71,0.2836,1,3,4
6088,2011-09-16,3,0,9,5,0,5,1,1,0.38,0.3939,0.76,0.194,2,30,32
6089,2011-09-16,3,0,9,6,0,5,1,1,0.38,0.3939,0.71,0.2239,6,87,93
6090,2011-09-16,3,0,9,7,0,5,1,1,0.4,0.4091,0.71,0.2836,16,283,299
6091,2011-09-16,3,0,9,8,0,5,1,1,0.42,0.4242,0.67,0.2239,23,386,409
6092,2011-09-16,3,0,9,9,0,5,1,1,0.46,0.4545,0.55,0.2537,21,189,210
6093,2011-09-16,3,0,9,10,0,5,1,2,0.5,0.4848,0.51,0.2836,36,104,140
6094,2011-09-16,3,0,9,11,0,5,1,2,0.5,0.4848,0.51,0.1343,40,139,179
6095,2011-09-16,3,0,9,12,0,5,1,2,0.52,0.5,0.45,0,39,212,251
6096,2011-09-16,3,0,9,13,0,5,1,2,0.54,0.5152,0.42,0,55,168,223
6097,2011-09-16,3,0,9,14,0,5,1,2,0.54,0.5152,0.45,0.1642,49,176,225
6098,2011-09-16,3,0,9,15,0,5,1,2,0.54,0.5152,0.45,0.2239,38,165,203
6099,2011-09-16,3,0,9,16,0,5,1,2,0.52,0.5,0.48,0.1642,67,291,358
6100,2011-09-16,3,0,9,17,0,5,1,2,0.52,0.5,0.48,0.1343,86,480,566
6101,2011-09-16,3,0,9,18,0,5,1,2,0.52,0.5,0.52,0.1642,55,427,482
6102,2011-09-16,3,0,9,19,0,5,1,2,0.5,0.4848,0.55,0.1642,59,256,315
6103,2011-09-16,3,0,9,20,0,5,1,2,0.5,0.4848,0.55,0,41,184,225
6104,2011-09-16,3,0,9,21,0,5,1,2,0.5,0.4848,0.63,0,39,124,163
6105,2011-09-16,3,0,9,22,0,5,1,1,0.48,0.4697,0.67,0.0896,32,135,167
6106,2011-09-16,3,0,9,23,0,5,1,1,0.5,0.4848,0.59,0,20,106,126
6107,2011-09-17,3,0,9,0,0,6,0,1,0.46,0.4545,0.72,0.1642,28,80,108
6108,2011-09-17,3,0,9,1,0,6,0,1,0.46,0.4545,0.72,0.1045,28,52,80
6109,2011-09-17,3,0,9,2,0,6,0,1,0.46,0.4545,0.82,0.0896,18,61,79
6110,2011-09-17,3,0,9,3,0,6,0,1,0.46,0.4545,0.72,0.1343,7,21,28
6111,2011-09-17,3,0,9,4,0,6,0,1,0.46,0.4545,0.72,0.1343,1,4,5
6112,2011-09-17,3,0,9,5,0,6,0,1,0.46,0.4545,0.72,0.1642,2,3,5
6113,2011-09-17,3,0,9,6,0,6,0,2,0.46,0.4545,0.72,0.2239,5,17,22
6114,2011-09-17,3,0,9,7,0,6,0,2,0.46,0.4545,0.77,0.194,4,33,37
6115,2011-09-17,3,0,9,8,0,6,0,2,0.46,0.4545,0.77,0.2537,27,81,108
6116,2011-09-17,3,0,9,9,0,6,0,2,0.48,0.4697,0.67,0.2239,32,145,177
6117,2011-09-17,3,0,9,10,0,6,0,2,0.5,0.4848,0.68,0.2836,72,177,249
6118,2011-09-17,3,0,9,11,0,6,0,2,0.52,0.5,0.68,0.2239,119,248,367
6119,2011-09-17,3,0,9,12,0,6,0,2,0.52,0.5,0.67,0.2239,115,257,372
6120,2011-09-17,3,0,9,13,0,6,0,2,0.52,0.5,0.68,0.194,124,225,349
6121,2011-09-17,3,0,9,14,0,6,0,2,0.52,0.5,0.72,0.194,123,174,297
6122,2011-09-17,3,0,9,15,0,6,0,2,0.52,0.5,0.72,0.194,148,206,354
6123,2011-09-17,3,0,9,16,0,6,0,1,0.54,0.5152,0.68,0.2537,116,189,305
6124,2011-09-17,3,0,9,17,0,6,0,1,0.52,0.5,0.72,0.2239,141,218,359
6125,2011-09-17,3,0,9,18,0,6,0,2,0.52,0.5,0.72,0.2239,95,234,329
6126,2011-09-17,3,0,9,19,0,6,0,1,0.52,0.5,0.68,0.1343,70,186,256
6127,2011-09-17,3,0,9,20,0,6,0,1,0.52,0.5,0.68,0.1343,43,133,176
6128,2011-09-17,3,0,9,21,0,6,0,2,0.5,0.4848,0.72,0.194,49,121,170
6129,2011-09-17,3,0,9,22,0,6,0,1,0.5,0.4848,0.72,0.2239,31,112,143
6130,2011-09-17,3,0,9,23,0,6,0,1,0.46,0.4545,0.82,0.1642,36,100,136
6131,2011-09-18,3,0,9,0,0,0,0,1,0.46,0.4545,0.77,0.2239,24,88,112
6132,2011-09-18,3,0,9,1,0,0,0,1,0.46,0.4545,0.77,0.2239,13,66,79
6133,2011-09-18,3,0,9,2,0,0,0,1,0.44,0.4394,0.82,0.2537,21,68,89
6134,2011-09-18,3,0,9,3,0,0,0,1,0.44,0.4394,0.82,0.194,11,25,36
6135,2011-09-18,3,0,9,4,0,0,0,1,0.44,0.4394,0.77,0.2239,1,0,1
6136,2011-09-18,3,0,9,5,0,0,0,1,0.44,0.4394,0.77,0.2239,1,5,6
6137,2011-09-18,3,0,9,6,0,0,0,1,0.44,0.4394,0.77,0.2537,2,10,12
6138,2011-09-18,3,0,9,7,0,0,0,1,0.46,0.4545,0.72,0.2239,15,29,44
6139,2011-09-18,3,0,9,8,0,0,0,1,0.46,0.4545,0.72,0.2537,16,53,69
6140,2011-09-18,3,0,9,9,0,0,0,1,0.48,0.4697,0.67,0.2537,46,94,140
6141,2011-09-18,3,0,9,10,0,0,0,1,0.5,0.4848,0.72,0.1642,82,178,260
6142,2011-09-18,3,0,9,11,0,0,0,1,0.52,0.5,0.68,0.2239,116,201,317
6143,2011-09-18,3,0,9,12,0,0,0,1,0.54,0.5152,0.64,0.1343,135,229,364
6144,2011-09-18,3,0,9,13,0,0,0,1,0.56,0.5303,0.6,0.1343,162,214,376
6145,2011-09-18,3,0,9,14,0,0,0,2,0.58,0.5455,0.56,0.1343,127,184,311
6146,2011-09-18,3,0,9,15,0,0,0,2,0.58,0.5455,0.6,0.1343,132,233,365
6147,2011-09-18,3,0,9,16,0,0,0,2,0.56,0.5303,0.64,0.1642,134,235,369
6148,2011-09-18,3,0,9,17,0,0,0,2,0.56,0.5303,0.64,0.194,95,230,325
6149,2011-09-18,3,0,9,18,0,0,0,2,0.56,0.5303,0.6,0.1045,66,223,289
6150,2011-09-18,3,0,9,19,0,0,0,2,0.54,0.5152,0.68,0.1045,54,191,245
6151,2011-09-18,3,0,9,20,0,0,0,2,0.54,0.5152,0.68,0.0896,44,136,180
6152,2011-09-18,3,0,9,21,0,0,0,2,0.54,0.5152,0.68,0.0896,37,110,147
6153,2011-09-18,3,0,9,22,0,0,0,2,0.54,0.5152,0.68,0.0896,9,75,84
6154,2011-09-18,3,0,9,23,0,0,0,1,0.54,0.5152,0.68,0.194,10,44,54
6155,2011-09-19,3,0,9,0,0,1,1,2,0.52,0.5,0.72,0.1642,14,23,37
6156,2011-09-19,3,0,9,1,0,1,1,2,0.52,0.5,0.72,0.1045,3,7,10
6157,2011-09-19,3,0,9,2,0,1,1,2,0.52,0.5,0.72,0.1343,6,7,13
6158,2011-09-19,3,0,9,3,0,1,1,2,0.5,0.4848,0.77,0.1343,1,4,5
6159,2011-09-19,3,0,9,4,0,1,1,2,0.5,0.4848,0.77,0.1642,2,6,8
6160,2011-09-19,3,0,9,5,0,1,1,2,0.5,0.4848,0.77,0.194,2,26,28
6161,2011-09-19,3,0,9,6,0,1,1,1,0.5,0.4848,0.77,0.2239,6,107,113
6162,2011-09-19,3,0,9,7,0,1,1,2,0.5,0.4848,0.82,0.2239,20,312,332
6163,2011-09-19,3,0,9,8,0,1,1,2,0.52,0.5,0.77,0.1343,29,391,420
6164,2011-09-19,3,0,9,9,0,1,1,2,0.54,0.5152,0.68,0.1642,32,183,215
6165,2011-09-19,3,0,9,10,0,1,1,2,0.56,0.5303,0.64,0.1343,21,84,105
6166,2011-09-19,3,0,9,11,0,1,1,2,0.58,0.5455,0.64,0.1642,41,98,139
6167,2011-09-19,3,0,9,12,0,1,1,2,0.58,0.5455,0.6,0.0896,51,138,189
6168,2011-09-19,3,0,9,13,0,1,1,2,0.6,0.6061,0.6,0,53,124,177
6169,2011-09-19,3,0,9,14,0,1,1,2,0.6,0.6061,0.6,0.194,45,143,188
6170,2011-09-19,3,0,9,15,0,1,1,2,0.6,0.6061,0.6,0.2239,44,143,187
6171,2011-09-19,3,0,9,16,0,1,1,2,0.6,0.6061,0.6,0.1642,55,208,263
6172,2011-09-19,3,0,9,17,0,1,1,2,0.58,0.5455,0.64,0.1343,85,483,568
6173,2011-09-19,3,0,9,18,0,1,1,2,0.56,0.5303,0.68,0.1343,56,484,540
6174,2011-09-19,3,0,9,19,0,1,1,2,0.56,0.5303,0.68,0.1045,41,333,374
6175,2011-09-19,3,0,9,20,0,1,1,2,0.56,0.5303,0.68,0.1343,27,204,231
6176,2011-09-19,3,0,9,21,0,1,1,2,0.56,0.5303,0.68,0.1642,19,181,200
6177,2011-09-19,3,0,9,22,0,1,1,2,0.56,0.5303,0.68,0.1642,25,104,129
6178,2011-09-19,3,0,9,23,0,1,1,2,0.56,0.5303,0.73,0.194,13,55,68
6179,2011-09-20,3,0,9,0,0,2,1,2,0.56,0.5303,0.73,0.1642,4,21,25
6180,2011-09-20,3,0,9,1,0,2,1,2,0.54,0.5152,0.88,0.1642,3,11,14
6181,2011-09-20,3,0,9,2,0,2,1,2,0.54,0.5152,0.88,0.1642,1,4,5
6182,2011-09-20,3,0,9,3,0,2,1,2,0.54,0.5152,0.83,0.2239,0,3,3
6183,2011-09-20,3,0,9,4,0,2,1,1,0.54,0.5152,0.88,0.194,2,4,6
6184,2011-09-20,3,0,9,5,0,2,1,2,0.54,0.5152,0.88,0.194,1,21,22
6185,2011-09-20,3,0,9,6,0,2,1,2,0.54,0.5152,0.88,0.194,3,111,114
6186,2011-09-20,3,0,9,7,0,2,1,2,0.54,0.5152,0.88,0.1642,23,306,329
6187,2011-09-20,3,0,9,8,0,2,1,3,0.54,0.5152,0.94,0.2537,13,196,209
6188,2011-09-20,3,0,9,9,0,2,1,3,0.54,0.5152,0.94,0.2239,5,64,69
6189,2011-09-20,3,0,9,10,0,2,1,3,0.56,0.5303,0.88,0.1642,4,26,30
6190,2011-09-20,3,0,9,11,0,2,1,3,0.56,0.5303,0.88,0.1642,8,48,56
6191,2011-09-20,3,0,9,12,0,2,1,2,0.56,0.5303,0.94,0.1642,13,47,60
6192,2011-09-20,3,0,9,13,0,2,1,2,0.56,0.5303,0.94,0.1343,22,81,103
6193,2011-09-20,3,0,9,14,0,2,1,2,0.58,0.5455,0.88,0.194,27,85,112
6194,2011-09-20,3,0,9,15,0,2,1,2,0.62,0.5909,0.78,0.1045,34,158,192
6195,2011-09-20,3,0,9,16,0,2,1,2,0.6,0.5606,0.83,0.1642,23,241,264
6196,2011-09-20,3,0,9,17,0,2,1,1,0.6,0.5606,0.83,0.1045,66,445,511
6197,2011-09-20,3,0,9,18,0,2,1,1,0.6,0.5606,0.83,0.1045,39,453,492
6198,2011-09-20,3,0,9,19,0,2,1,1,0.58,0.5455,0.88,0,43,294,337
6199,2011-09-20,3,0,9,20,0,2,1,1,0.56,0.5303,0.94,0,41,212,253
6200,2011-09-20,3,0,9,21,0,2,1,1,0.56,0.5303,0.94,0,29,177,206
6201,2011-09-20,3,0,9,22,0,2,1,1,0.56,0.5303,0.94,0,23,125,148
6202,2011-09-20,3,0,9,23,0,2,1,1,0.56,0.5303,0.94,0,11,70,81
6203,2011-09-21,3,0,9,0,0,3,1,1,0.54,0.5152,1,0,7,20,27
6204,2011-09-21,3,0,9,1,0,3,1,1,0.54,0.5152,0.94,0,0,17,17
6205,2011-09-21,3,0,9,2,0,3,1,1,0.54,0.5152,0.94,0,1,5,6
6206,2011-09-21,3,0,9,3,0,3,1,2,0.54,0.5152,0.94,0.0896,0,6,6
6207,2011-09-21,3,0,9,4,0,3,1,2,0.54,0.5152,1,0.1343,2,5,7
6208,2011-09-21,3,0,9,5,0,3,1,2,0.54,0.5152,1,0.1642,1,30,31
6209,2011-09-21,3,0,9,6,0,3,1,2,0.54,0.5152,1,0.194,5,112,117
6210,2011-09-21,3,0,9,7,0,3,1,2,0.54,0.5152,1,0.194,18,312,330
6211,2011-09-21,3,0,9,8,0,3,1,2,0.54,0.5152,1,0.1045,18,444,462
6212,2011-09-21,3,0,9,9,0,3,1,2,0.56,0.5303,1,0.0896,21,187,208
6213,2011-09-21,3,0,9,10,0,3,1,2,0.6,0.5455,0.88,0,30,103,133
6214,2011-09-21,3,0,9,11,0,3,1,2,0.62,0.5758,0.83,0.1642,42,138,180
6215,2011-09-21,3,0,9,12,0,3,1,2,0.64,0.5909,0.78,0.0896,42,151,193
6216,2011-09-21,3,0,9,13,0,3,1,2,0.66,0.6212,0.74,0.1642,37,144,181
6217,2011-09-21,3,0,9,14,0,3,1,2,0.66,0.6212,0.74,0.194,40,139,179
6218,2011-09-21,3,0,9,15,0,3,1,2,0.66,0.6212,0.74,0.1045,43,142,185
6219,2011-09-21,3,0,9,16,0,3,1,2,0.66,0.6212,0.74,0.1045,51,230,281
6220,2011-09-21,3,0,9,17,0,3,1,3,0.66,0.6212,0.74,0.1642,61,475,536
6221,2011-09-21,3,0,9,18,0,3,1,3,0.64,0.5758,0.83,0.1642,24,384,408
6222,2011-09-21,3,0,9,19,0,3,1,3,0.62,0.5455,0.94,0,30,253,283
6223,2011-09-21,3,0,9,20,0,3,1,3,0.62,0.5455,0.94,0,11,149,160
6224,2011-09-21,3,0,9,21,0,3,1,2,0.6,0.5,1,0.0896,25,175,200
6225,2011-09-21,3,0,9,22,0,3,1,2,0.62,0.5455,0.94,0,15,112,127
6226,2011-09-21,3,0,9,23,0,3,1,1,0.6,0.5152,0.94,0.1045,15,80,95
6227,2011-09-22,3,0,9,0,0,4,1,1,0.6,0.5152,0.94,0.1045,11,30,41
6228,2011-09-22,3,0,9,1,0,4,1,2,0.6,0.5152,0.94,0.0896,5,6,11
6229,2011-09-22,3,0,9,2,0,4,1,2,0.6,0.5152,0.94,0.1045,2,8,10
6230,2011-09-22,3,0,9,3,0,4,1,2,0.6,0.5152,0.94,0.0896,5,7,12
6231,2011-09-22,3,0,9,4,0,4,1,2,0.6,0.5152,0.94,0.0896,0,2,2
6232,2011-09-22,3,0,9,5,0,4,1,2,0.6,0.5152,0.94,0.1045,2,28,30
6233,2011-09-22,3,0,9,6,0,4,1,2,0.6,0.5,1,0.1343,7,94,101
6234,2011-09-22,3,0,9,7,0,4,1,2,0.6,0.5,1,0.1045,16,295,311
6235,2011-09-22,3,0,9,8,0,4,1,2,0.6,0.5,1,0.1642,26,389,415
6236,2011-09-22,3,0,9,9,0,4,1,2,0.62,0.5455,0.94,0.194,35,168,203
6237,2011-09-22,3,0,9,10,0,4,1,2,0.64,0.5758,0.89,0.2239,19,101,120
6238,2011-09-22,3,0,9,11,0,4,1,2,0.64,0.5758,0.89,0.194,23,142,165
6239,2011-09-22,3,0,9,12,0,4,1,2,0.66,0.6061,0.83,0.1642,25,151,176
6240,2011-09-22,3,0,9,13,0,4,1,2,0.66,0.6061,0.83,0.194,38,155,193
6241,2011-09-22,3,0,9,14,0,4,1,2,0.66,0.6061,0.83,0.2239,41,142,183
6242,2011-09-22,3,0,9,15,0,4,1,2,0.68,0.6364,0.79,0.1642,32,149,181
6243,2011-09-22,3,0,9,16,0,4,1,2,0.68,0.6364,0.74,0.1343,39,262,301
6244,2011-09-22,3,0,9,17,0,4,1,2,0.66,0.6061,0.78,0.0896,50,513,563
6245,2011-09-22,3,0,9,18,0,4,1,2,0.64,0.5758,0.83,0.1045,50,501,551
6246,2011-09-22,3,0,9,19,0,4,1,2,0.64,0.5758,0.89,0.0896,32,388,420
6247,2011-09-22,3,0,9,20,0,4,1,2,0.62,0.5455,0.94,0.1343,35,250,285
6248,2011-09-22,3,0,9,21,0,4,1,2,0.64,0.5758,0.89,0.0896,27,194,221
6249,2011-09-22,3,0,9,22,0,4,1,2,0.62,0.5152,1,0.0896,21,166,187
6250,2011-09-22,3,0,9,23,0,4,1,2,0.62,0.5455,0.94,0,14,99,113
6251,2011-09-23,4,0,9,0,0,5,1,2,0.62,0.5455,0.94,0.0896,11,41,52
6252,2011-09-23,4,0,9,1,0,5,1,2,0.6,0.5,1,0,2,29,31
6253,2011-09-23,4,0,9,2,0,5,1,2,0.6,0.5,1,0.1045,6,14,20
6254,2011-09-23,4,0,9,3,0,5,1,2,0.6,0.5,1,0,3,5,8
6255,2011-09-23,4,0,9,4,0,5,1,3,0.6,0.5,1,0,6,7,13
6256,2011-09-23,4,0,9,5,0,5,1,2,0.62,0.5455,0.94,0,2,20,22
6257,2011-09-23,4,0,9,6,0,5,1,2,0.62,0.5455,0.94,0.0896,5,99,104
6258,2011-09-23,4,0,9,7,0,5,1,3,0.62,0.5455,0.94,0.1343,14,240,254
6259,2011-09-23,4,0,9,8,0,5,1,3,0.62,0.5455,0.94,0.1343,20,297,317
6260,2011-09-23,4,0,9,9,0,5,1,3,0.62,0.5152,1,0.1343,3,108,111
6261,2011-09-23,4,0,9,10,0,5,1,3,0.62,0.5152,1,0.1045,7,28,35
6262,2011-09-23,4,0,9,11,0,5,1,3,0.62,0.5152,1,0.1045,1,20,21
6263,2011-09-23,4,0,9,12,0,5,1,3,0.62,0.5455,0.94,0.1045,1,28,29
6264,2011-09-23,4,0,9,13,0,5,1,3,0.6,0.5,1,0.0896,7,27,34
6265,2011-09-23,4,0,9,14,0,5,1,3,0.6,0.5,1,0.0896,3,21,24
6266,2011-09-23,4,0,9,15,0,5,1,3,0.62,0.5455,0.94,0.1045,9,52,61
6267,2011-09-23,4,0,9,16,0,5,1,3,0.62,0.5455,0.94,0,5,51,56
6268,2011-09-23,4,0,9,17,0,5,1,2,0.6,0.5,1,0,13,86,99
6269,2011-09-23,4,0,9,18,0,5,1,1,0.6,0.5,1,0,14,220,234
6270,2011-09-23,4,0,9,19,0,5,1,1,0.62,0.5455,0.94,0.1343,16,232,248
6271,2011-09-23,4,0,9,20,0,5,1,1,0.6,0.5152,0.94,0,21,158,179
6272,2011-09-23,4,0,9,21,0,5,1,1,0.6,0.5,1,0.1642,17,121,138
6273,2011-09-23,4,0,9,22,0,5,1,1,0.6,0.5152,0.94,0.1642,31,126,157
6274,2011-09-23,4,0,9,23,0,5,1,2,0.58,0.5455,1,0.1343,41,107,148
6275,2011-09-24,4,0,9,0,0,6,0,1,0.58,0.5455,1,0.0896,7,86,93
6276,2011-09-24,4,0,9,1,0,6,0,2,0.58,0.5455,0.94,0.0896,18,61,79
6277,2011-09-24,4,0,9,2,0,6,0,2,0.58,0.5455,0.94,0.0896,14,54,68
6278,2011-09-24,4,0,9,3,0,6,0,1,0.58,0.5455,0.94,0,4,27,31
6279,2011-09-24,4,0,9,4,0,6,0,1,0.56,0.5303,0.94,0.1045,1,7,8
6280,2011-09-24,4,0,9,5,0,6,0,2,0.56,0.5303,0.94,0.1045,2,3,5
6281,2011-09-24,4,0,9,6,0,6,0,2,0.56,0.5303,0.94,0.1045,6,12,18
6282,2011-09-24,4,0,9,7,0,6,0,2,0.56,0.5303,0.88,0.1045,12,34,46
6283,2011-09-24,4,0,9,8,0,6,0,2,0.58,0.5455,0.9,0.0896,19,102,121
6284,2011-09-24,4,0,9,9,0,6,0,2,0.6,0.5455,0.88,0.0896,41,134,175
6285,2011-09-24,4,0,9,10,0,6,0,2,0.6,0.5455,0.88,0.0896,90,203,293
6286,2011-09-24,4,0,9,11,0,6,0,2,0.62,0.5758,0.83,0.0896,118,268,386
6287,2011-09-24,4,0,9,12,0,6,0,2,0.62,0.5758,0.83,0.0896,141,266,407
6288,2011-09-24,4,0,9,13,0,6,0,1,0.64,0.5909,0.78,0,170,290,460
6289,2011-09-24,4,0,9,14,0,6,0,2,0.66,0.6212,0.74,0.1343,164,226,390
6290,2011-09-24,4,0,9,15,0,6,0,2,0.66,0.6212,0.74,0.1343,168,284,452
6291,2011-09-24,4,0,9,16,0,6,0,2,0.64,0.5909,0.78,0.0896,167,282,449
6292,2011-09-24,4,0,9,17,0,6,0,1,0.66,0.6212,0.74,0.1045,180,246,426
6293,2011-09-24,4,0,9,18,0,6,0,1,0.64,0.5909,0.78,0.1045,157,243,400
6294,2011-09-24,4,0,9,19,0,6,0,1,0.62,0.5606,0.88,0,77,231,308
6295,2011-09-24,4,0,9,20,0,6,0,1,0.62,0.5758,0.83,0,77,166,243
6296,2011-09-24,4,0,9,21,0,6,0,1,0.62,0.5758,0.83,0.0896,66,156,222
6297,2011-09-24,4,0,9,22,0,6,0,2,0.62,0.5606,0.88,0,50,143,193
6298,2011-09-24,4,0,9,23,0,6,0,2,0.6,0.5455,0.88,0.0896,27,123,150
6299,2011-09-25,4,0,9,0,0,0,0,2,0.6,0.5455,0.88,0,37,136,173
6300,2011-09-25,4,0,9,1,0,0,0,2,0.6,0.5455,0.88,0.1045,31,93,124
6301,2011-09-25,4,0,9,2,0,0,0,3,0.6,0.5152,0.94,0,27,79,106
6302,2011-09-25,4,0,9,3,0,0,0,3,0.6,0.5152,0.94,0,20,39,59
6303,2011-09-25,4,0,9,4,0,0,0,3,0.6,0.5152,0.94,0.1343,3,5,8
6304,2011-09-25,4,0,9,5,0,0,0,1,0.6,0.5455,0.88,0.0896,1,2,3
6305,2011-09-25,4,0,9,6,0,0,0,2,0.6,0.5455,0.88,0.1045,4,13,17
6306,2011-09-25,4,0,9,7,0,0,0,2,0.6,0.5152,0.94,0.1343,15,23,38
6307,2011-09-25,4,0,9,8,0,0,0,2,0.62,0.5606,0.88,0,27,59,86
6308,2011-09-25,4,0,9,9,0,0,0,2,0.64,0.5758,0.83,0,55,100,155
6309,2011-09-25,4,0,9,10,0,0,0,2,0.64,0.5758,0.83,0,85,190,275
6310,2011-09-25,4,0,9,11,0,0,0,2,0.66,0.6061,0.78,0.1343,131,230,361
6311,2011-09-25,4,0,9,12,0,0,0,2,0.66,0.6061,0.78,0,143,270,413
6312,2011-09-25,4,0,9,13,0,0,0,2,0.68,0.6364,0.74,0,122,247,369
6313,2011-09-25,4,0,9,14,0,0,0,2,0.66,0.6061,0.78,0,116,231,347
6314,2011-09-25,4,0,9,15,0,0,0,2,0.66,0.6061,0.78,0,119,234,353
6315,2011-09-25,4,0,9,16,0,0,0,1,0.7,0.6515,0.7,0,144,320,464
6316,2011-09-25,4,0,9,17,0,0,0,1,0.68,0.6364,0.74,0,145,275,420
6317,2011-09-25,4,0,9,18,0,0,0,1,0.68,0.6364,0.74,0,125,279,404
6318,2011-09-25,4,0,9,19,0,0,0,1,0.64,0.5758,0.83,0.1343,87,242,329
6319,2011-09-25,4,0,9,20,0,0,0,1,0.64,0.5758,0.83,0.0896,51,135,186
6320,2011-09-25,4,0,9,21,0,0,0,1,0.62,0.5455,0.94,0.0896,24,113,137
6321,2011-09-25,4,0,9,22,0,0,0,1,0.62,0.5606,0.88,0.0896,20,84,104
6322,2011-09-25,4,0,9,23,0,0,0,2,0.62,0.5455,0.94,0.1045,12,67,79
6323,2011-09-26,4,0,9,0,0,1,1,2,0.62,0.5455,0.94,0,6,23,29
6324,2011-09-26,4,0,9,1,0,1,1,2,0.62,0.5606,0.88,0.1045,3,14,17
6325,2011-09-26,4,0,9,2,0,1,1,2,0.62,0.5606,0.88,0.1045,4,4,8
6326,2011-09-26,4,0,9,3,0,1,1,2,0.62,0.5455,0.94,0,0,5,5
6327,2011-09-26,4,0,9,4,0,1,1,2,0.62,0.5455,0.94,0.0896,2,4,6
6328,2011-09-26,4,0,9,5,0,1,1,2,0.62,0.5606,0.88,0,0,25,25
6329,2011-09-26,4,0,9,6,0,1,1,2,0.62,0.5455,0.94,0.0896,6,107,113
6330,2011-09-26,4,0,9,7,0,1,1,2,0.62,0.5455,0.94,0,17,315,332
6331,2011-09-26,4,0,9,8,0,1,1,2,0.62,0.5455,0.94,0,29,326,355
6332,2011-09-26,4,0,9,9,0,1,1,2,0.64,0.5758,0.89,0.194,44,161,205
6333,2011-09-26,4,0,9,10,0,1,1,2,0.64,0.5758,0.89,0.194,37,117,154
6334,2011-09-26,4,0,9,11,0,1,1,1,0.68,0.6364,0.79,0.2239,43,116,159
6335,2011-09-26,4,0,9,12,0,1,1,2,0.68,0.6364,0.79,0.1642,48,161,209
6336,2011-09-26,4,0,9,13,0,1,1,2,0.7,0.6667,0.74,0.1642,48,139,187
6337,2011-09-26,4,0,9,14,0,1,1,1,0.7,0.6515,0.7,0.1642,44,110,154
6338,2011-09-26,4,0,9,15,0,1,1,1,0.72,0.6818,0.62,0.1343,52,157,209
6339,2011-09-26,4,0,9,16,0,1,1,1,0.7,0.6515,0.65,0.1642,74,239,313
6340,2011-09-26,4,0,9,17,0,1,1,1,0.7,0.6515,0.7,0.1343,61,509,570
6341,2011-09-26,4,0,9,18,0,1,1,1,0.66,0.6061,0.83,0.1045,63,490,553
6342,2011-09-26,4,0,9,19,0,1,1,1,0.66,0.6061,0.82,0.0896,36,347,383
6343,2011-09-26,4,0,9,20,0,1,1,1,0.64,0.5758,0.89,0.1343,24,227,251
6344,2011-09-26,4,0,9,21,0,1,1,1,0.64,0.5758,0.89,0.1343,18,164,182
6345,2011-09-26,4,0,9,22,0,1,1,1,0.62,0.5455,0.94,0.1343,14,122,136
6346,2011-09-26,4,0,9,23,0,1,1,1,0.62,0.5455,0.94,0.1343,11,64,75
6347,2011-09-27,4,0,9,0,0,2,1,1,0.62,0.5455,0.94,0.1343,9,28,37
6348,2011-09-27,4,0,9,1,0,2,1,1,0.62,0.5455,0.94,0.1642,4,6,10
6349,2011-09-27,4,0,9,2,0,2,1,1,0.62,0.5455,0.94,0.1045,7,4,11
6350,2011-09-27,4,0,9,3,0,2,1,2,0.62,0.5455,0.94,0,5,5,10
6351,2011-09-27,4,0,9,4,0,2,1,3,0.62,0.5455,0.94,0.0896,5,3,8
6352,2011-09-27,4,0,9,5,0,2,1,3,0.62,0.5455,0.94,0.0896,0,24,24
6353,2011-09-27,4,0,9,6,0,2,1,2,0.62,0.5455,0.94,0.1045,8,116,124
6354,2011-09-27,4,0,9,7,0,2,1,2,0.62,0.5455,0.94,0.1045,15,234,249
6355,2011-09-27,4,0,9,8,0,2,1,2,0.64,0.5758,0.89,0.1045,27,400,427
6356,2011-09-27,4,0,9,9,0,2,1,3,0.64,0.5758,0.89,0.194,20,173,193
6357,2011-09-27,4,0,9,10,0,2,1,3,0.64,0.5606,0.94,0.1642,21,101,122
6358,2011-09-27,4,0,9,11,0,2,1,2,0.66,0.5909,0.89,0.1045,26,97,123
6359,2011-09-27,4,0,9,12,0,2,1,2,0.66,0.5909,0.89,0.1343,33,129,162
6360,2011-09-27,4,0,9,13,0,2,1,2,0.7,0.6667,0.74,0.2239,29,122,151
6361,2011-09-27,4,0,9,14,0,2,1,2,0.68,0.6364,0.79,0.1045,29,123,152
6362,2011-09-27,4,0,9,15,0,2,1,2,0.68,0.6364,0.83,0.0896,35,170,205
6363,2011-09-27,4,0,9,16,0,2,1,2,0.66,0.6061,0.83,0.194,33,225,258
6364,2011-09-27,4,0,9,17,0,2,1,2,0.66,0.5909,0.89,0.194,50,480,530
6365,2011-09-27,4,0,9,18,0,2,1,2,0.64,0.5758,0.89,0.2239,31,325,356
6366,2011-09-27,4,0,9,19,0,2,1,2,0.64,0.5758,0.89,0.1343,26,294,320
6367,2011-09-27,4,0,9,20,0,2,1,1,0.62,0.5909,0.78,0,17,221,238
6368,2011-09-27,4,0,9,21,0,2,1,1,0.6,0.5606,0.83,0,17,179,196
6369,2011-09-27,4,0,9,22,0,2,1,1,0.6,0.5455,0.88,0.0896,19,102,121
6370,2011-09-27,4,0,9,23,0,2,1,1,0.6,0.5455,0.88,0.0896,11,82,93
6371,2011-09-28,4,0,9,0,0,3,1,1,0.6,0.5455,0.88,0,7,29,36
6372,2011-09-28,4,0,9,1,0,3,1,1,0.6,0.5455,0.88,0,1,13,14
6373,2011-09-28,4,0,9,2,0,3,1,1,0.6,0.5455,0.88,0.2537,0,9,9
6374,2011-09-28,4,0,9,3,0,3,1,2,0.6,0.5152,0.94,0.0896,0,3,3
6375,2011-09-28,4,0,9,4,0,3,1,1,0.6,0.5455,0.88,0,1,3,4
6376,2011-09-28,4,0,9,5,0,3,1,2,0.6,0.5152,0.94,0,2,20,22
6377,2011-09-28,4,0,9,6,0,3,1,3,0.6,0.5152,0.94,0.1642,3,111,114
6378,2011-09-28,4,0,9,7,0,3,1,3,0.6,0.5152,0.94,0.1642,8,177,185
6379,2011-09-28,4,0,9,8,0,3,1,3,0.62,0.5455,0.94,0.2239,17,270,287
6380,2011-09-28,4,0,9,9,0,3,1,3,0.62,0.5455,0.94,0.2239,14,141,155
6381,2011-09-28,4,0,9,10,0,3,1,2,0.62,0.5455,0.94,0,20,109,129
6382,2011-09-28,4,0,9,11,0,3,1,2,0.66,0.6061,0.83,0.1045,24,127,151
6383,2011-09-28,4,0,9,12,0,3,1,2,0.68,0.6364,0.79,0,25,159,184
6384,2011-09-28,4,0,9,13,0,3,1,1,0.7,0.6667,0.74,0.2537,24,138,162
6385,2011-09-28,4,0,9,14,0,3,1,1,0.72,0.6818,0.62,0.2537,25,145,170
6386,2011-09-28,4,0,9,15,0,3,1,1,0.7,0.6515,0.7,0.1343,35,146,181
6387,2011-09-28,4,0,9,16,0,3,1,1,0.7,0.6515,0.7,0.194,39,241,280
6388,2011-09-28,4,0,9,17,0,3,1,1,0.7,0.6515,0.7,0.2239,64,527,591
6389,2011-09-28,4,0,9,18,0,3,1,3,0.66,0.6061,0.83,0.2537,65,459,524
6390,2011-09-28,4,0,9,19,0,3,1,3,0.66,0.6061,0.83,0.2537,57,315,372
6391,2011-09-28,4,0,9,20,0,3,1,3,0.6,0.5606,0.83,0.2985,11,91,102
6392,2011-09-28,4,0,9,21,0,3,1,3,0.6,0.5455,0.88,0.2537,7,67,74
6393,2011-09-28,4,0,9,22,0,3,1,1,0.6,0.5455,0.88,0.0896,19,68,87
6394,2011-09-28,4,0,9,23,0,3,1,1,0.6,0.5152,0.94,0.1343,12,59,71
6395,2011-09-29,4,0,9,0,0,4,1,1,0.6,0.5152,0.94,0.194,7,33,40
6396,2011-09-29,4,0,9,1,0,4,1,2,0.6,0.5,1,0.194,3,20,23
6397,2011-09-29,4,0,9,2,0,4,1,2,0.6,0.5,1,0.194,0,2,2
6398,2011-09-29,4,0,9,3,0,4,1,2,0.6,0.5152,0.94,0.194,0,8,8
6399,2011-09-29,4,0,9,4,0,4,1,2,0.6,0.5455,0.88,0.194,2,5,7
6400,2011-09-29,4,0,9,5,0,4,1,2,0.6,0.5455,0.88,0.1045,0,22,22
6401,2011-09-29,4,0,9,6,0,4,1,2,0.6,0.5455,0.88,0.0896,5,106,111
6402,2011-09-29,4,0,9,7,0,4,1,1,0.6,0.5455,0.88,0.1343,14,269,283
6403,2011-09-29,4,0,9,8,0,4,1,1,0.6,0.5606,0.83,0,29,402,431
6404,2011-09-29,4,0,9,9,0,4,1,1,0.62,0.5909,0.78,0.2537,27,198,225
6405,2011-09-29,4,0,9,10,0,4,1,1,0.64,0.6061,0.65,0.194,24,103,127
6406,2011-09-29,4,0,9,11,0,4,1,1,0.62,0.6061,0.61,0.194,36,122,158
6407,2011-09-29,4,0,9,12,0,4,1,1,0.66,0.6212,0.61,0.1642,38,157,195
6408,2011-09-29,4,0,9,13,0,4,1,1,0.64,0.6212,0.61,0.194,36,175,211
6409,2011-09-29,4,0,9,14,0,4,1,1,0.68,0.6364,0.51,0.2985,33,134,167
6410,2011-09-29,4,0,9,15,0,4,1,1,0.68,0.6364,0.45,0.3881,42,185,227
6411,2011-09-29,4,0,9,16,0,4,1,1,0.68,0.6364,0.41,0.3582,64,227,291
6412,2011-09-29,4,0,9,17,0,4,1,1,0.66,0.6212,0.47,0.2985,62,527,589
6413,2011-09-29,4,0,9,18,0,4,1,1,0.64,0.6212,0.41,0.2239,84,500,584
6414,2011-09-29,4,0,9,19,0,4,1,1,0.62,0.6212,0.5,0.0896,36,348,384
6415,2011-09-29,4,0,9,20,0,4,1,1,0.6,0.6212,0.53,0.0896,39,234,273
6416,2011-09-29,4,0,9,21,0,4,1,1,0.58,0.5455,0.56,0,30,195,225
6417,2011-09-29,4,0,9,22,0,4,1,1,0.56,0.5303,0.68,0,25,150,175
6418,2011-09-29,4,0,9,23,0,4,1,1,0.52,0.5,0.77,0.1045,17,64,81
6419,2011-09-30,4,0,9,0,0,5,1,1,0.52,0.5,0.83,0.1045,7,53,60
6420,2011-09-30,4,0,9,1,0,5,1,1,0.52,0.5,0.77,0.0896,5,18,23
6421,2011-09-30,4,0,9,2,0,5,1,1,0.52,0.5,0.83,0.1045,6,9,15
6422,2011-09-30,4,0,9,3,0,5,1,1,0.52,0.5,0.83,0.1045,0,3,3
6423,2011-09-30,4,0,9,4,0,5,1,1,0.52,0.5,0.83,0.194,2,6,8
6424,2011-09-30,4,0,9,5,0,5,1,1,0.52,0.5,0.83,0.194,3,23,26
6425,2011-09-30,4,0,9,6,0,5,1,1,0.52,0.5,0.83,0.2239,0,98,98
6426,2011-09-30,4,0,9,7,0,5,1,1,0.52,0.5,0.83,0.2239,14,283,297
6427,2011-09-30,4,0,9,8,0,5,1,1,0.54,0.5152,0.77,0.1343,31,425,456
6428,2011-09-30,4,0,9,9,0,5,1,1,0.56,0.5303,0.73,0.194,23,214,237
6429,2011-09-30,4,0,9,10,0,5,1,1,0.6,0.6061,0.64,0,46,122,168
6430,2011-09-30,4,0,9,11,0,5,1,1,0.64,0.6212,0.57,0.0896,49,168,217
6431,2011-09-30,4,0,9,12,0,5,1,2,0.64,0.6212,0.57,0.194,59,195,254
6432,2011-09-30,4,0,9,13,0,5,1,2,0.66,0.6212,0.47,0.3284,72,194,266
6433,2011-09-30,4,0,9,14,0,5,1,2,0.64,0.6212,0.47,0.2985,93,173,266
6434,2011-09-30,4,0,9,15,0,5,1,1,0.64,0.6212,0.5,0.2836,52,193,245
6435,2011-09-30,4,0,9,16,0,5,1,1,0.62,0.6212,0.53,0.2239,62,298,360
6436,2011-09-30,4,0,9,17,0,5,1,1,0.62,0.6212,0.53,0.194,94,497,591
6437,2011-09-30,4,0,9,18,0,5,1,1,0.58,0.5455,0.49,0.3582,62,449,511
6438,2011-09-30,4,0,9,19,0,5,1,1,0.54,0.5152,0.52,0.2836,42,332,374
6439,2011-09-30,4,0,9,20,0,5,1,1,0.54,0.5152,0.52,0.2836,28,202,230
6440,2011-09-30,4,0,9,21,0,5,1,1,0.52,0.5,0.55,0.194,27,179,206
6441,2011-09-30,4,0,9,22,0,5,1,1,0.52,0.5,0.55,0.3284,30,129,159
6442,2011-09-30,4,0,9,23,0,5,1,1,0.52,0.5,0.55,0.3284,23,109,132
6443,2011-10-01,4,0,10,0,0,6,0,1,0.5,0.4848,0.63,0.3881,24,106,130
6444,2011-10-01,4,0,10,1,0,6,0,1,0.48,0.4697,0.67,0.3284,11,47,58
6445,2011-10-01,4,0,10,2,0,6,0,1,0.46,0.4545,0.63,0.4179,21,46,67
6446,2011-10-01,4,0,10,3,0,6,0,1,0.46,0.4545,0.59,0.4179,8,17,25
6447,2011-10-01,4,0,10,4,0,6,0,1,0.44,0.4394,0.58,0.4179,2,6,8
6448,2011-10-01,4,0,10,5,0,6,0,2,0.44,0.4394,0.62,0.2985,1,4,5
6449,2011-10-01,4,0,10,6,0,6,0,1,0.42,0.4242,0.67,0.3284,4,15,19
6450,2011-10-01,4,0,10,7,0,6,0,3,0.42,0.4242,0.67,0.2537,6,30,36
6451,2011-10-01,4,0,10,8,0,6,0,2,0.4,0.4091,0.76,0.3284,9,58,67
6452,2011-10-01,4,0,10,9,0,6,0,3,0.4,0.4091,0.82,0.3582,17,112,129
6453,2011-10-01,4,0,10,10,0,6,0,3,0.4,0.4091,0.76,0.3582,21,100,121
6454,2011-10-01,4,0,10,11,0,6,0,3,0.38,0.3939,0.82,0.3284,30,102,132
6455,2011-10-01,4,0,10,12,0,6,0,2,0.4,0.4091,0.82,0.2537,28,130,158
6456,2011-10-01,4,0,10,13,0,6,0,2,0.4,0.4091,0.82,0.3284,27,98,125
6457,2011-10-01,4,0,10,14,0,6,0,2,0.42,0.4242,0.71,0.3582,33,147,180
6458,2011-10-01,4,0,10,15,0,6,0,2,0.42,0.4242,0.71,0.2836,41,154,195
6459,2011-10-01,4,0,10,16,0,6,0,2,0.4,0.4091,0.76,0.2985,58,165,223
6460,2011-10-01,4,0,10,17,0,6,0,3,0.4,0.4091,0.76,0.194,58,170,228
6461,2011-10-01,4,0,10,18,0,6,0,3,0.38,0.3939,0.87,0.2239,23,117,140
6462,2011-10-01,4,0,10,19,0,6,0,2,0.38,0.3939,0.82,0.194,27,99,126
6463,2011-10-01,4,0,10,20,0,6,0,3,0.36,0.3636,0.87,0.1045,8,58,66
6464,2011-10-01,4,0,10,21,0,6,0,3,0.36,0.3636,0.87,0.1045,3,53,56
6465,2011-10-01,4,0,10,22,0,6,0,2,0.36,0.3485,0.93,0.2239,12,58,70
6466,2011-10-01,4,0,10,23,0,6,0,3,0.36,0.3485,0.93,0.2239,8,57,65
6467,2011-10-02,4,0,10,0,0,0,0,3,0.36,0.3333,0.93,0.2985,4,43,47
6468,2011-10-02,4,0,10,1,0,0,0,3,0.34,0.3182,0.87,0.2537,1,23,24
6469,2011-10-02,4,0,10,2,0,0,0,3,0.34,0.303,0.87,0.2985,3,27,30
6470,2011-10-02,4,0,10,3,0,0,0,3,0.34,0.3182,0.87,0.2836,4,5,9
6471,2011-10-02,4,0,10,4,0,0,0,2,0.34,0.3182,0.87,0.2537,4,3,7
6472,2011-10-02,4,0,10,5,0,0,0,1,0.32,0.303,0.87,0.2836,0,7,7
6473,2011-10-02,4,0,10,6,0,0,0,1,0.32,0.3182,0.81,0.1642,2,13,15
6474,2011-10-02,4,0,10,7,0,0,0,1,0.34,0.3333,0.76,0.194,5,24,29
6475,2011-10-02,4,0,10,8,0,0,0,2,0.34,0.3333,0.76,0.194,14,50,64
6476,2011-10-02,4,0,10,9,0,0,0,1,0.36,0.3333,0.76,0.3582,19,96,115
6477,2011-10-02,4,0,10,10,0,0,0,2,0.36,0.3333,0.71,0.2836,60,188,248
6478,2011-10-02,4,0,10,11,0,0,0,2,0.38,0.3939,0.66,0.2537,74,218,292
6479,2011-10-02,4,0,10,12,0,0,0,2,0.4,0.4091,0.62,0.194,78,243,321
6480,2011-10-02,4,0,10,13,0,0,0,3,0.4,0.4091,0.62,0.2239,84,224,308
6481,2011-10-02,4,0,10,14,0,0,0,3,0.36,0.3485,0.81,0.1642,61,195,256
6482,2011-10-02,4,0,10,15,0,0,0,3,0.36,0.3333,0.81,0.2537,29,144,173
6483,2011-10-02,4,0,10,16,0,0,0,3,0.36,0.3485,0.87,0.194,44,162,206
6484,2011-10-02,4,0,10,17,0,0,0,3,0.36,0.3485,0.87,0.1642,32,135,167
6485,2011-10-02,4,0,10,18,0,0,0,2,0.36,0.3485,0.81,0.194,16,158,174
6486,2011-10-02,4,0,10,19,0,0,0,2,0.38,0.3939,0.76,0.1642,34,128,162
6487,2011-10-02,4,0,10,20,0,0,0,2,0.36,0.3333,0.76,0.2537,16,71,87
6488,2011-10-02,4,0,10,21,0,0,0,1,0.36,0.3485,0.71,0.2239,17,71,88
6489,2011-10-02,4,0,10,22,0,0,0,3,0.36,0.3636,0.81,0.0896,9,55,64
6490,2011-10-02,4,0,10,23,0,0,0,1,0.36,0.3636,0.81,0.0896,6,19,25
6491,2011-10-03,4,0,10,0,0,1,1,1,0.34,0.3485,0.87,0.1045,3,13,16
6492,2011-10-03,4,0,10,1,0,1,1,1,0.36,0.3636,0.81,0.0896,1,5,6
6493,2011-10-03,4,0,10,2,0,1,1,1,0.36,0.3636,0.76,0.1045,0,4,4
6494,2011-10-03,4,0,10,3,0,1,1,1,0.36,0.3788,0.81,0,1,6,7
6495,2011-10-03,4,0,10,4,0,1,1,1,0.34,0.3485,0.87,0.1045,2,6,8
6496,2011-10-03,4,0,10,5,0,1,1,2,0.36,0.3636,0.76,0.1045,4,17,21
6497,2011-10-03,4,0,10,6,0,1,1,2,0.36,0.3788,0.71,0,3,91,94
6498,2011-10-03,4,0,10,7,0,1,1,2,0.36,0.3485,0.71,0.1343,8,241,249
6499,2011-10-03,4,0,10,8,0,1,1,2,0.36,0.3636,0.71,0.1045,13,359,372
6500,2011-10-03,4,0,10,9,0,1,1,2,0.4,0.4091,0.66,0.0896,12,141,153
6501,2011-10-03,4,0,10,10,0,1,1,2,0.4,0.4091,0.66,0.1045,19,82,101
6502,2011-10-03,4,0,10,11,0,1,1,2,0.4,0.4091,0.71,0.2239,26,100,126
6503,2011-10-03,4,0,10,12,0,1,1,2,0.4,0.4091,0.71,0.1343,29,118,147
6504,2011-10-03,4,0,10,13,0,1,1,3,0.42,0.4242,0.67,0.1642,16,102,118
6505,2011-10-03,4,0,10,14,0,1,1,3,0.4,0.4091,0.76,0,26,94,120
6506,2011-10-03,4,0,10,15,0,1,1,3,0.4,0.4091,0.76,0,22,79,101
6507,2011-10-03,4,0,10,16,0,1,1,2,0.4,0.4091,0.76,0.1045,16,202,218
6508,2011-10-03,4,0,10,17,0,1,1,2,0.4,0.4091,0.76,0.1642,40,455,495
6509,2011-10-03,4,0,10,18,0,1,1,2,0.4,0.4091,0.76,0.1642,28,384,412
6510,2011-10-03,4,0,10,19,0,1,1,1,0.4,0.4091,0.76,0,15,300,315
6511,2011-10-03,4,0,10,20,0,1,1,3,0.4,0.4091,0.82,0,13,191,204
6512,2011-10-03,4,0,10,21,0,1,1,2,0.4,0.4091,0.82,0,10,128,138
6513,2011-10-03,4,0,10,22,0,1,1,2,0.4,0.4091,0.82,0,12,79,91
6514,2011-10-03,4,0,10,23,0,1,1,2,0.4,0.4091,0.82,0.1045,11,43,54
6515,2011-10-04,4,0,10,0,0,2,1,2,0.4,0.4091,0.87,0.0896,5,22,27
6516,2011-10-04,4,0,10,1,0,2,1,2,0.4,0.4091,0.87,0.1045,1,8,9
6517,2011-10-04,4,0,10,2,0,2,1,2,0.4,0.4091,0.87,0,1,2,3
6518,2011-10-04,4,0,10,3,0,2,1,1,0.4,0.4091,0.82,0.1045,3,3,6
6519,2011-10-04,4,0,10,4,0,2,1,1,0.4,0.4091,0.82,0.0896,3,4,7
6520,2011-10-04,4,0,10,5,0,2,1,1,0.4,0.4091,0.82,0.1343,2,25,27
6521,2011-10-04,4,0,10,6,0,2,1,1,0.4,0.4091,0.82,0.1045,3,109,112
6522,2011-10-04,4,0,10,7,0,2,1,1,0.42,0.4242,0.82,0.2836,11,298,309
6523,2011-10-04,4,0,10,8,0,2,1,1,0.44,0.4394,0.77,0.2239,28,372,400
6524,2011-10-04,4,0,10,9,0,2,1,1,0.46,0.4545,0.67,0.2537,19,168,187
6525,2011-10-04,4,0,10,10,0,2,1,1,0.48,0.4697,0.67,0.2836,19,107,126
6526,2011-10-04,4,0,10,11,0,2,1,1,0.54,0.5152,0.64,0.2836,22,102,124
6527,2011-10-04,4,0,10,12,0,2,1,1,0.56,0.5303,0.56,0.2985,39,160,199
6528,2011-10-04,4,0,10,13,0,2,1,1,0.56,0.5303,0.56,0.2985,20,153,173
6529,2011-10-04,4,0,10,14,0,2,1,1,0.58,0.5455,0.53,0.2537,27,156,183
6530,2011-10-04,4,0,10,15,0,2,1,1,0.58,0.5455,0.56,0.2836,28,166,194
6531,2011-10-04,4,0,10,16,0,2,1,1,0.58,0.5455,0.56,0.3284,36,273,309
6532,2011-10-04,4,0,10,17,0,2,1,1,0.56,0.5303,0.6,0.3881,55,530,585
6533,2011-10-04,4,0,10,18,0,2,1,1,0.54,0.5152,0.64,0.2836,68,456,524
6534,2011-10-04,4,0,10,19,0,2,1,1,0.52,0.5,0.68,0.2239,35,310,345
6535,2011-10-04,4,0,10,20,0,2,1,1,0.52,0.5,0.68,0.2239,25,236,261
6536,2011-10-04,4,0,10,21,0,2,1,1,0.5,0.4848,0.72,0.1343,22,144,166
6537,2011-10-04,4,0,10,22,0,2,1,1,0.5,0.4848,0.72,0.1343,8,106,114
6538,2011-10-04,4,0,10,23,0,2,1,1,0.48,0.4697,0.77,0.1343,6,60,66
6539,2011-10-05,4,0,10,0,0,3,1,1,0.48,0.4697,0.77,0.1343,7,36,43
6540,2011-10-05,4,0,10,1,0,3,1,1,0.48,0.4697,0.77,0.1642,4,7,11
6541,2011-10-05,4,0,10,2,0,3,1,1,0.46,0.4545,0.82,0.1642,1,2,3
6542,2011-10-05,4,0,10,3,0,3,1,1,0.46,0.4545,0.82,0.1045,1,5,6
6543,2011-10-05,4,0,10,4,0,3,1,1,0.44,0.4394,0.88,0,1,4,5
6544,2011-10-05,4,0,10,5,0,3,1,1,0.44,0.4394,0.82,0.1343,3,29,32
6545,2011-10-05,4,0,10,6,0,3,1,1,0.44,0.4394,0.82,0.1045,5,112,117
6546,2011-10-05,4,0,10,7,0,3,1,1,0.46,0.4545,0.77,0.1045,9,292,301
6547,2011-10-05,4,0,10,8,0,3,1,1,0.52,0.5,0.63,0,26,441,467
6548,2011-10-05,4,0,10,9,0,3,1,1,0.54,0.5152,0.6,0.2985,32,187,219
6549,2011-10-05,4,0,10,10,0,3,1,1,0.56,0.5303,0.56,0.3881,30,103,133
6550,2011-10-05,4,0,10,11,0,3,1,1,0.6,0.6212,0.46,0.2836,32,138,170
6551,2011-10-05,4,0,10,12,0,3,1,1,0.62,0.6212,0.43,0.3284,34,180,214
6552,2011-10-05,4,0,10,13,0,3,1,1,0.64,0.6212,0.41,0.2239,30,189,219
6553,2011-10-05,4,0,10,14,0,3,1,1,0.64,0.6212,0.41,0.2836,34,156,190
6554,2011-10-05,4,0,10,15,0,3,1,1,0.64,0.6212,0.47,0.2836,35,147,182
6555,2011-10-05,4,0,10,16,0,3,1,1,0.64,0.6212,0.47,0.3284,37,245,282
6556,2011-10-05,4,0,10,17,0,3,1,1,0.64,0.6212,0.47,0.2537,66,525,591
6557,2011-10-05,4,0,10,18,0,3,1,1,0.6,0.6212,0.53,0.1642,57,536,593
6558,2011-10-05,4,0,10,19,0,3,1,1,0.58,0.5455,0.56,0.1343,40,334,374
6559,2011-10-05,4,0,10,20,0,3,1,1,0.52,0.5,0.77,0.1642,18,228,246
6560,2011-10-05,4,0,10,21,0,3,1,1,0.5,0.4848,0.82,0.1045,28,173,201
6561,2011-10-05,4,0,10,22,0,3,1,1,0.52,0.5,0.72,0,20,134,154
6562,2011-10-05,4,0,10,23,0,3,1,1,0.5,0.4848,0.77,0.1045,9,64,73
6563,2011-10-06,4,0,10,0,0,4,1,1,0.5,0.4848,0.72,0.194,6,34,40
6564,2011-10-06,4,0,10,1,0,4,1,1,0.48,0.4697,0.63,0.194,5,17,22
6565,2011-10-06,4,0,10,2,0,4,1,1,0.46,0.4545,0.67,0.194,2,8,10
6566,2011-10-06,4,0,10,3,0,4,1,1,0.44,0.4394,0.67,0.2239,1,4,5
6567,2011-10-06,4,0,10,4,0,4,1,1,0.44,0.4394,0.62,0.2836,0,5,5
6568,2011-10-06,4,0,10,5,0,4,1,1,0.42,0.4242,0.62,0.194,0,24,24
6569,2011-10-06,4,0,10,6,0,4,1,1,0.4,0.4091,0.66,0.194,4,110,114
6570,2011-10-06,4,0,10,7,0,4,1,1,0.42,0.4242,0.62,0.194,15,287,302
6571,2011-10-06,4,0,10,8,0,4,1,1,0.44,0.4394,0.62,0.1642,20,437,457
6572,2011-10-06,4,0,10,9,0,4,1,1,0.46,0.4545,0.63,0.194,20,188,208
6573,2011-10-06,4,0,10,10,0,4,1,1,0.52,0.5,0.52,0,24,105,129
6574,2011-10-06,4,0,10,11,0,4,1,1,0.54,0.5152,0.49,0,29,115,144
6575,2011-10-06,4,0,10,12,0,4,1,1,0.56,0.5303,0.49,0.0896,46,180,226
6576,2011-10-06,4,0,10,13,0,4,1,1,0.56,0.5303,0.46,0.0896,33,158,191
6577,2011-10-06,4,0,10,14,0,4,1,1,0.58,0.5455,0.43,0.0896,56,139,195
6578,2011-10-06,4,0,10,15,0,4,1,1,0.58,0.5455,0.46,0.1343,62,157,219
6579,2011-10-06,4,0,10,16,0,4,1,1,0.58,0.5455,0.49,0.194,51,272,323
6580,2011-10-06,4,0,10,17,0,4,1,1,0.56,0.5303,0.52,0.1343,63,505,568
6581,2011-10-06,4,0,10,18,0,4,1,1,0.54,0.5152,0.64,0.0896,59,479,538
6582,2011-10-06,4,0,10,19,0,4,1,1,0.52,0.5,0.59,0.1045,38,305,343
6583,2011-10-06,4,0,10,20,0,4,1,1,0.5,0.4848,0.77,0.1045,29,231,260
6584,2011-10-06,4,0,10,21,0,4,1,1,0.46,0.4545,0.88,0.0896,34,161,195
6585,2011-10-06,4,0,10,22,0,4,1,1,0.46,0.4545,0.82,0,24,124,148
6586,2011-10-06,4,0,10,23,0,4,1,1,0.44,0.4394,0.88,0.0896,18,81,99
6587,2011-10-07,4,0,10,0,0,5,1,1,0.44,0.4394,0.88,0,19,48,67
6588,2011-10-07,4,0,10,1,0,5,1,1,0.44,0.4394,0.88,0,3,25,28
6589,2011-10-07,4,0,10,2,0,5,1,1,0.42,0.4242,0.88,0,0,5,5
6590,2011-10-07,4,0,10,3,0,5,1,1,0.4,0.4091,0.87,0,1,9,10
6591,2011-10-07,4,0,10,4,0,5,1,1,0.4,0.4091,0.87,0.1045,0,5,5
6592,2011-10-07,4,0,10,5,0,5,1,1,0.42,0.4242,0.82,0,3,24,27
6593,2011-10-07,4,0,10,6,0,5,1,1,0.42,0.4242,0.88,0,3,84,87
6594,2011-10-07,4,0,10,7,0,5,1,1,0.42,0.4242,0.94,0,5,237,242
6595,2011-10-07,4,0,10,8,0,5,1,1,0.46,0.4545,0.82,0,31,386,417
6596,2011-10-07,4,0,10,9,0,5,1,1,0.48,0.4697,0.77,0,34,207,241
6597,2011-10-07,4,0,10,10,0,5,1,1,0.52,0.5,0.68,0.0896,48,126,174
6598,2011-10-07,4,0,10,11,0,5,1,1,0.56,0.5303,0.63,0,80,150,230
6599,2011-10-07,4,0,10,12,0,5,1,1,0.6,0.6212,0.53,0,61,174,235
6600,2011-10-07,4,0,10,13,0,5,1,1,0.6,0.6212,0.46,0,95,210,305
6601,2011-10-07,4,0,10,14,0,5,1,1,0.62,0.6212,0.5,0,77,179,256
6602,2011-10-07,4,0,10,15,0,5,1,1,0.66,0.6212,0.41,0,68,202,270
6603,2011-10-07,4,0,10,16,0,5,1,1,0.64,0.6212,0.44,0,73,346,419
6604,2011-10-07,4,0,10,17,0,5,1,1,0.6,0.6212,0.56,0.2537,101,462,563
6605,2011-10-07,4,0,10,18,0,5,1,1,0.56,0.5303,0.6,0.0896,94,371,465
6606,2011-10-07,4,0,10,19,0,5,1,1,0.56,0.5303,0.52,0,51,243,294
6607,2011-10-07,4,0,10,20,0,5,1,1,0.54,0.5152,0.49,0,30,167,197
6608,2011-10-07,4,0,10,21,0,5,1,1,0.5,0.4848,0.68,0,22,144,166
6609,2011-10-07,4,0,10,22,0,5,1,1,0.5,0.4848,0.68,0,27,119,146
6610,2011-10-07,4,0,10,23,0,5,1,1,0.5,0.4848,0.63,0,23,113,136
6611,2011-10-08,4,0,10,0,0,6,0,1,0.48,0.4697,0.72,0,17,72,89
6612,2011-10-08,4,0,10,1,0,6,0,1,0.46,0.4545,0.82,0,14,51,65
6613,2011-10-08,4,0,10,2,0,6,0,1,0.46,0.4545,0.82,0,4,41,45
6614,2011-10-08,4,0,10,3,0,6,0,1,0.44,0.4394,0.88,0,4,16,20
6615,2011-10-08,4,0,10,4,0,6,0,1,0.42,0.4242,0.94,0.1343,3,7,10
6616,2011-10-08,4,0,10,5,0,6,0,1,0.42,0.4242,0.88,0.1045,1,7,8
6617,2011-10-08,4,0,10,6,0,6,0,1,0.42,0.4242,0.94,0,6,16,22
6618,2011-10-08,4,0,10,7,0,6,0,1,0.42,0.4242,0.94,0.0896,27,46,73
6619,2011-10-08,4,0,10,8,0,6,0,1,0.46,0.4545,0.82,0,14,89,103
6620,2011-10-08,4,0,10,9,0,6,0,1,0.5,0.4848,0.77,0,54,163,217
6621,2011-10-08,4,0,10,10,0,6,0,1,0.52,0.5,0.77,0,120,217,337
6622,2011-10-08,4,0,10,11,0,6,0,1,0.58,0.5455,0.56,0,176,221,397
6623,2011-10-08,4,0,10,12,0,6,0,1,0.62,0.6212,0.35,0,191,255,446
6624,2011-10-08,4,0,10,13,0,6,0,1,0.62,0.6212,0.46,0.1045,256,229,485
6625,2011-10-08,4,0,10,14,0,6,0,1,0.62,0.6212,0.5,0.0896,251,214,465
6626,2011-10-08,4,0,10,15,0,6,0,1,0.66,0.6212,0.39,0,262,234,496
6627,2011-10-08,4,0,10,16,0,6,0,1,0.64,0.6212,0.44,0.0896,221,230,451
6628,2011-10-08,4,0,10,17,0,6,0,1,0.62,0.6212,0.5,0.1343,174,219,393
6629,2011-10-08,4,0,10,18,0,6,0,1,0.6,0.6212,0.46,0.1045,135,224,359
6630,2011-10-08,4,0,10,19,0,6,0,1,0.54,0.5152,0.68,0.1343,76,172,248
6631,2011-10-08,4,0,10,20,0,6,0,1,0.52,0.5,0.77,0.1045,78,124,202
6632,2011-10-08,4,0,10,21,0,6,0,1,0.52,0.5,0.77,0,54,133,187
6633,2011-10-08,4,0,10,22,0,6,0,1,0.5,0.4848,0.77,0,45,104,149
6634,2011-10-08,4,0,10,23,0,6,0,1,0.48,0.4697,0.88,0,52,90,142
6635,2011-10-09,4,0,10,0,0,0,0,1,0.46,0.4545,0.88,0.0896,46,83,129
6636,2011-10-09,4,0,10,1,0,0,0,1,0.46,0.4545,0.88,0,15,63,78
6637,2011-10-09,4,0,10,2,0,0,0,1,0.46,0.4545,0.88,0,20,35,55
6638,2011-10-09,4,0,10,3,0,0,0,1,0.44,0.4394,0.88,0,10,20,30
6639,2011-10-09,4,0,10,4,0,0,0,1,0.44,0.4394,0.88,0,7,7,14
6640,2011-10-09,4,0,10,5,0,0,0,1,0.44,0.4394,0.88,0,1,14,15
6641,2011-10-09,4,0,10,6,0,0,0,1,0.44,0.4394,0.88,0,7,14,21
6642,2011-10-09,4,0,10,7,0,0,0,1,0.44,0.4394,0.86,0,18,26,44
6643,2011-10-09,4,0,10,8,0,0,0,1,0.46,0.4545,0.88,0,25,82,107
6644,2011-10-09,4,0,10,9,0,0,0,1,0.5,0.4848,0.77,0,66,119,185
6645,2011-10-09,4,0,10,10,0,0,0,1,0.56,0.5303,0.68,0.0896,155,210,365
6646,2011-10-09,4,0,10,11,0,0,0,1,0.62,0.6212,0.53,0.0896,189,234,423
6647,2011-10-09,4,0,10,12,0,0,0,1,0.64,0.6212,0.44,0.0896,212,243,455
6648,2011-10-09,4,0,10,13,0,0,0,1,0.66,0.6212,0.44,0.0896,225,193,418
6649,2011-10-09,4,0,10,14,0,0,0,1,0.68,0.6364,0.47,0.1642,272,228,500
6650,2011-10-09,4,0,10,15,0,0,0,1,0.68,0.6364,0.51,0.1642,198,209,407
6651,2011-10-09,4,0,10,16,0,0,0,1,0.66,0.6212,0.5,0.1343,223,247,470
6652,2011-10-09,4,0,10,17,0,0,0,1,0.62,0.6061,0.61,0.1045,208,230,438
6653,2011-10-09,4,0,10,18,0,0,0,1,0.64,0.6212,0.5,0.1045,186,228,414
6654,2011-10-09,4,0,10,19,0,0,0,1,0.56,0.5303,0.73,0.0896,116,186,302
6655,2011-10-09,4,0,10,20,0,0,0,1,0.56,0.5303,0.73,0.1045,59,134,193
6656,2011-10-09,4,0,10,21,0,0,0,1,0.54,0.5152,0.83,0.1045,53,120,173
6657,2011-10-09,4,0,10,22,0,0,0,2,0.52,0.5,0.94,0,48,104,152
6658,2011-10-09,4,0,10,23,0,0,0,1,0.5,0.4848,0.88,0.1045,38,85,123
6659,2011-10-10,4,0,10,0,1,1,0,1,0.5,0.4848,0.94,0,11,42,53
6660,2011-10-10,4,0,10,1,1,1,0,1,0.48,0.4697,0.88,0,4,30,34
6661,2011-10-10,4,0,10,2,1,1,0,1,0.48,0.4697,0.88,0,4,15,19
6662,2011-10-10,4,0,10,3,1,1,0,1,0.46,0.4545,0.88,0,2,9,11
6663,2011-10-10,4,0,10,4,1,1,0,1,0.46,0.4545,0.94,0,2,4,6
6664,2011-10-10,4,0,10,5,1,1,0,1,0.46,0.4545,0.94,0,2,19,21
6665,2011-10-10,4,0,10,6,1,1,0,1,0.44,0.4394,0.94,0,5,39,44
6666,2011-10-10,4,0,10,7,1,1,0,1,0.46,0.4545,0.88,0,12,102,114
6667,2011-10-10,4,0,10,8,1,1,0,1,0.52,0.5,0.83,0,27,227,254
6668,2011-10-10,4,0,10,9,1,1,0,1,0.54,0.5152,0.77,0,58,161,219
6669,2011-10-10,4,0,10,10,1,1,0,1,0.56,0.5303,0.73,0.1642,107,158,265
6670,2011-10-10,4,0,10,11,1,1,0,1,0.62,0.6061,0.69,0.0896,139,183,322
6671,2011-10-10,4,0,10,12,1,1,0,2,0.7,0.6515,0.48,0.0896,164,201,365
6672,2011-10-10,4,0,10,13,1,1,0,1,0.72,0.6515,0.37,0,146,219,365
6673,2011-10-10,4,0,10,14,1,1,0,1,0.74,0.6515,0.37,0,147,223,370
6674,2011-10-10,4,0,10,15,1,1,0,2,0.72,0.6515,0.42,0.1045,130,254,384
6675,2011-10-10,4,0,10,16,1,1,0,2,0.7,0.6364,0.45,0.0896,154,248,402
6676,2011-10-10,4,0,10,17,1,1,0,2,0.66,0.6212,0.54,0.1045,125,334,459
6677,2011-10-10,4,0,10,18,1,1,0,2,0.64,0.6212,0.53,0,108,365,473
6678,2011-10-10,4,0,10,19,1,1,0,2,0.58,0.5455,0.78,0.0896,69,267,336
6679,2011-10-10,4,0,10,20,1,1,0,1,0.6,0.5909,0.73,0,37,188,225
6680,2011-10-10,4,0,10,21,1,1,0,1,0.56,0.5303,0.88,0.0896,27,148,175
6681,2011-10-10,4,0,10,22,1,1,0,1,0.56,0.5303,0.88,0.0896,22,104,126
6682,2011-10-10,4,0,10,23,1,1,0,2,0.54,0.5152,0.88,0.1045,12,63,75
6683,2011-10-11,4,0,10,0,0,2,1,2,0.54,0.5152,0.88,0,14,16,30
6684,2011-10-11,4,0,10,1,0,2,1,2,0.52,0.5,0.94,0.0896,2,9,11
6685,2011-10-11,4,0,10,2,0,2,1,2,0.52,0.5,0.94,0.1343,1,4,5
6686,2011-10-11,4,0,10,3,0,2,1,2,0.52,0.5,0.88,0.1045,2,1,3
6687,2011-10-11,4,0,10,4,0,2,1,2,0.52,0.5,0.88,0.1343,0,5,5
6688,2011-10-11,4,0,10,5,0,2,1,2,0.52,0.5,0.88,0,0,20,20
6689,2011-10-11,4,0,10,6,0,2,1,1,0.52,0.5,0.83,0.0896,9,114,123
6690,2011-10-11,4,0,10,7,0,2,1,2,0.52,0.5,0.88,0.0896,19,333,352
6691,2011-10-11,4,0,10,8,0,2,1,2,0.56,0.5303,0.83,0.1045,31,375,406
6692,2011-10-11,4,0,10,9,0,2,1,2,0.6,0.5909,0.69,0,40,195,235
6693,2011-10-11,4,0,10,10,0,2,1,2,0.6,0.5909,0.69,0.1343,38,111,149
6694,2011-10-11,4,0,10,11,0,2,1,2,0.6,0.5909,0.73,0.1642,31,92,123
6695,2011-10-11,4,0,10,12,0,2,1,2,0.6,0.5909,0.73,0.1642,51,130,181
6696,2011-10-11,4,0,10,13,0,2,1,2,0.6,0.5909,0.73,0.194,42,138,180
6697,2011-10-11,4,0,10,14,0,2,1,3,0.6,0.5909,0.73,0.1045,54,117,171
6698,2011-10-11,4,0,10,15,0,2,1,2,0.6,0.5758,0.78,0.1642,36,139,175
6699,2011-10-11,4,0,10,16,0,2,1,2,0.6,0.5909,0.73,0.1642,63,257,320
6700,2011-10-11,4,0,10,17,0,2,1,2,0.6,0.5758,0.78,0.2537,70,534,604
6701,2011-10-11,4,0,10,18,0,2,1,2,0.6,0.5758,0.78,0.2239,46,493,539
6702,2011-10-11,4,0,10,19,0,2,1,2,0.58,0.5455,0.83,0.2239,33,285,318
6703,2011-10-11,4,0,10,20,0,2,1,2,0.58,0.5455,0.83,0.2239,31,203,234
6704,2011-10-11,4,0,10,21,0,2,1,2,0.58,0.5455,0.78,0.194,17,158,175
6705,2011-10-11,4,0,10,22,0,2,1,2,0.56,0.5303,0.83,0.194,27,120,147
6706,2011-10-11,4,0,10,23,0,2,1,2,0.56,0.5303,0.83,0.2836,10,47,57
6707,2011-10-12,4,0,10,0,0,3,1,2,0.56,0.5303,0.83,0.1343,2,23,25
6708,2011-10-12,4,0,10,1,0,3,1,3,0.56,0.5303,0.83,0.1343,2,8,10
6709,2011-10-12,4,0,10,2,0,3,1,2,0.56,0.5303,0.83,0.2836,0,2,2
6710,2011-10-12,4,0,10,3,0,3,1,3,0.54,0.5152,0.94,0.2985,0,2,2
6711,2011-10-12,4,0,10,4,0,3,1,3,0.54,0.5152,0.94,0.3881,1,6,7
6712,2011-10-12,4,0,10,5,0,3,1,2,0.54,0.5152,0.88,0.3284,0,22,22
6713,2011-10-12,4,0,10,6,0,3,1,2,0.54,0.5152,0.88,0.2537,5,107,112
6714,2011-10-12,4,0,10,7,0,3,1,2,0.54,0.5152,0.88,0.3881,15,244,259
6715,2011-10-12,4,0,10,8,0,3,1,2,0.54,0.5152,0.88,0.3881,27,377,404
6716,2011-10-12,4,0,10,9,0,3,1,2,0.54,0.5152,0.88,0.4478,14,183,197
6717,2011-10-12,4,0,10,10,0,3,1,2,0.54,0.5152,0.88,0.3881,15,98,113
6718,2011-10-12,4,0,10,11,0,3,1,3,0.54,0.5152,0.94,0.3284,18,102,120
6719,2011-10-12,4,0,10,12,0,3,1,3,0.54,0.5152,0.88,0.3284,9,53,62
6720,2011-10-12,4,0,10,13,0,3,1,3,0.54,0.5152,0.88,0.2239,25,76,101
6721,2011-10-12,4,0,10,14,0,3,1,3,0.54,0.5152,0.94,0.2836,8,70,78
6722,2011-10-12,4,0,10,15,0,3,1,3,0.54,0.5152,0.94,0.2537,3,42,45
6723,2011-10-12,4,0,10,16,0,3,1,2,0.56,0.5303,0.88,0.2239,5,50,55
6724,2011-10-12,4,0,10,17,0,3,1,3,0.54,0.5152,0.94,0.2239,16,235,251
6725,2011-10-12,4,0,10,18,0,3,1,3,0.54,0.5152,0.94,0.1343,11,161,172
6726,2011-10-12,4,0,10,19,0,3,1,3,0.54,0.5152,0.94,0.1343,7,102,109
6727,2011-10-12,4,0,10,20,0,3,1,3,0.54,0.5152,0.94,0.1045,9,81,90
6728,2011-10-12,4,0,10,21,0,3,1,3,0.54,0.5152,1,0.1045,9,74,83
6729,2011-10-12,4,0,10,22,0,3,1,3,0.54,0.5152,0.94,0.0896,3,40,43
6730,2011-10-12,4,0,10,23,0,3,1,3,0.54,0.5152,0.94,0.0896,13,41,54
6731,2011-10-13,4,0,10,0,0,4,1,2,0.54,0.5152,0.94,0.1343,1,14,15
6732,2011-10-13,4,0,10,1,0,4,1,2,0.54,0.5152,0.94,0,3,9,12